quarter,department,day,team,targeted_productivity,smv,wip,over_time,incentive,idle_time,idle_men,no_of_style_change,no_of_workers,actual_productivity
,sweing,Saturday,8,,23.54,1144.0,,0,0.0,0,0,54.0,0.286984568
,sweing,Saturday,1,0.8,22.52,1534.0,6780.0,88,0.0,0,0,57.0,0.900135693
Quarter1,finishing,,7,0.8,4.6,,,0,0.0,0,0,8.0,0.342361111
Quarter1,finishing,Wednesday,5,0.7,4.6,,960.0,0,0.0,0,0,8.0,0.592083333
Quarter5,sweing,Saturday,6,,18.79,,,23,0.0,0,0,33.0,0.600710606
Quarter4,sweing,Thursday,4,0.75,22.52,759.0,,81,0.0,0,0,56.0,0.849983766
Quarter3,finishing,Wednesday,8,0.7,5.13,,,0,0.0,0,0,8.0,0.58
Quarter4,sweing,Tuesday,12,0.8,15.26,1062.0,4080.0,50,0.0,0,0,34.0,0.800401961
,finishing ,Saturday,5,,4.15,,1440.0,0,0.0,0,0,8.0,0.337973485
Quarter1,sweing,Monday,6,,18.79,,,30,0.0,0,0,33.0,0.700354545
Quarter4,sweing,Saturday,9,0.75,18.79,,6240.0,45,0.0,0,1,52.0,0.750395513
Quarter2,sweing,Saturday,11,0.6,11.41,,2280.0,23,0.0,0,2,55.0,0.600447507
,sweing,Tuesday,5,0.7,20.79,1297.0,,0,0.0,0,0,58.0,0.526810345
Quarter4,sweing,Saturday,5,0.5,27.48,609.0,6840.0,30,0.0,0,1,57.0,0.550403509
Quarter1,sweing,,8,0.75,29.4,622.0,6240.0,56,0.0,0,0,57.0,0.75075
Quarter4,finishing ,Sunday,5,0.7,4.15,,3060.0,0,0.0,0,0,17.0,0.973796791
Quarter1,sweing,Tuesday,12,0.8,15.26,1029.0,2040.0,50,0.0,0,0,35.0,0.800259023
Quarter4,sweing,Wednesday,6,0.35,18.79,,,23,0.0,0,0,32.0,0.437995338
Quarter1,finishing ,Tuesday,4,0.8,4.3,,1440.0,0,0.0,0,0,12.0,0.5375
,finishing,Wednesday,5,0.7,3.94,,1440.0,0,0.0,0,0,12.0,0.75885
Quarter1,sweing,Wednesday,9,0.8,26.16,1324.0,10620.0,75,0.0,0,0,59.0,0.850502311
Quarter1,sweing,Sunday,12,0.8,11.61,1216.0,6975.0,50,0.0,0,0,31.0,0.800030199
Quarter3,sweing,,2,,30.33,,,0,0.0,0,1,57.0,0.328131579
Quarter3,sweing,Thursday,3,0.7,30.1,247.0,6960.0,50,0.0,0,1,58.0,0.700603448
Quarter4,finishing,Wednesday,7,,4.6,,960.0,0,0.0,0,0,8.0,0.676666667
Quarter1,finishing ,Tuesday,11,0.8,4.15,,2700.0,0,0.0,0,0,15.0,0.888686869
Quarter2,sweing,,10,0.8,22.52,1388.0,6720.0,88,0.0,0,0,56.0,0.9008
,finishing,Wednesday,10,0.8,3.94,,960.0,0,0.0,0,0,8.0,0.64025
,finishing ,Monday,9,0.75,3.94,,,0,0.0,0,0,8.0,0.994270833
Quarter4,sweing,Monday,11,0.35,28.08,749.0,,23,0.0,0,0,57.0,0.350066986
Quarter1,finishing,,5,0.7,4.6,,3360.0,0,0.0,0,0,8.0,0.354444444
,sweing,,9,0.8,29.12,1073.0,6960.0,50,0.0,0,0,58.0,0.799963218
Quarter3,sweing,Wednesday,11,0.7,11.41,,,30,0.0,0,2,56.0,0.8211125
Quarter2,sweing,Monday,7,0.8,25.9,1031.0,10170.0,60,0.0,0,0,56.5,0.850136766
,finishing ,,5,0.7,4.15,,2700.0,0,0.0,0,0,15.0,0.959191919
Quarter3,finishing ,Wednesday,8,0.8,2.9,,2400.0,0,0.0,0,0,8.0,0.594871795
Quarter2,sweing,Wednesday,6,0.8,11.61,972.0,,38,0.0,0,0,31.5,0.800246753
,finishing ,,3,0.75,4.15,,2760.0,0,0.0,0,0,12.0,0.930340376
Quarter1,sweing,,5,,21.98,,6960.0,23,0.0,0,0,58.0,0.600028736
Quarter3,sweing,Tuesday,7,0.35,22.94,1450.0,10080.0,30,0.0,0,0,56.0,0.400332792
,finishing,Tuesday,4,0.7,3.94,,,0,0.0,0,0,8.0,0.555430556
Quarter1,finishing ,,5,0.6,2.9,,,0,0.0,0,0,8.0,0.759270833
Quarter3,finishing ,Monday,9,0.8,3.94,,1800.0,0,0.0,0,0,10.0,0.964106061
Quarter1,finishing ,Monday,4,,3.94,,3840.0,0,0.0,0,0,16.0,0.893663194
Quarter1,sweing,,9,,18.79,,6240.0,34,0.0,0,0,52.0,0.750395513
Quarter1,sweing,,2,0.8,22.52,1452.0,6960.0,100,0.0,0,0,58.0,0.949981609
Quarter2,finishing ,Tuesday,8,0.8,2.9,,1440.0,0,0.0,0,0,8.0,0.681060606
Quarter2,finishing,,12,0.8,4.08,,,0,0.0,0,0,9.0,0.800888889
Quarter4,sweing,,7,,30.1,739.0,,45,0.0,0,1,59.0,0.750727326
,sweing,Monday,6,,18.79,1100.0,3960.0,45,0.0,0,0,33.0,0.75065101
,finishing,Wednesday,6,0.7,2.9,,,0,0.0,0,0,6.0,0.394722222
,sweing,Monday,11,,20.55,,6480.0,60,0.0,0,0,54.0,0.700398148
Quarter2,sweing,Saturday,2,0.8,22.52,,,63,0.0,0,0,57.0,0.80037492
,sweing,Thursday,1,,22.94,1579.0,6960.0,81,0.0,0,0,58.0,0.850362069
,finishing ,,4,,3.94,,,0,0.0,0,0,20.0,0.911589744
,finishing,Tuesday,2,0.7,3.9,,960.0,0,0.0,0,0,8.0,0.741
Quarter2,finishing ,Wednesday,1,,3.94,,,0,0.0,0,0,8.0,0.891723485
Quarter4,sweing,Saturday,7,0.8,30.1,,,38,0.0,0,1,59.0,0.799982853
Quarter3,finishing ,Wednesday,4,0.75,4.3,,,0,0.0,0,0,20.0,0.978525641
,finishing,Sunday,3,0.8,4.6,,1440.0,0,0.0,0,0,12.0,0.951944444
Quarter1,finishing ,Wednesday,1,0.8,3.94,,,0,0.0,0,0,8.0,0.951420455
Quarter3,sweing,Tuesday,7,0.7,30.1,562.0,840.0,30,0.0,0,1,59.0,0.700888203
,finishing,Thursday,8,0.8,4.6,,,0,0.0,0,0,22.0,0.980984848
Quarter1,sweing,Monday,11,0.8,11.61,,0.0,50,0.0,0,0,57.0,0.800309211
,finishing,,6,0.75,2.9,,960.0,0,0.0,0,0,8.0,0.888125
Quarter2,finishing,,11,0.8,2.9,,,960,0.0,0,0,8.0,0.960625
Quarter3,sweing,Thursday,3,,22.52,,10170.0,30,0.0,0,0,56.5,0.660683293
Quarter2,sweing,,12,0.8,15.26,,,63,0.0,0,0,34.0,0.800401961
,finishing,,4,,3.94,,,0,0.0,0,0,8.0,0.664875
Quarter1,finishing,Saturday,1,,3.94,,,0,0.0,0,0,10.0,0.870083333
Quarter4,sweing,,5,,30.1,541.0,,38,0.0,0,0,59.0,0.800137255
Quarter2,finishing ,Sunday,2,,3.94,,1440.0,0,0.0,0,0,8.0,0.820833333
Quarter2,finishing ,Monday,5,,4.15,,1440.0,0,0.0,0,0,8.0,0.809564394
,sweing,Wednesday,12,0.8,15.26,,4080.0,63,0.0,0,0,34.0,0.800401961
,finishing ,Saturday,4,0.75,4.3,,,0,0.0,0,0,12.0,0.651515152
Quarter4,sweing,Thursday,8,0.8,40.99,980.0,,30,0.0,0,0,56.5,0.555500132
,sweing,Thursday,4,,26.82,1117.0,7080.0,50,0.0,0,0,59.0,0.750050847
Quarter2,sweing,Thursday,10,,22.52,10.0,6000.0,0,0.0,0,0,50.0,0.441392
Quarter4,finishing,Saturday,6,0.75,2.9,,3360.0,0,0.0,0,0,8.0,0.271875
Quarter2,finishing ,Monday,6,,2.9,,1440.0,0,0.0,0,0,8.0,0.817424242
Quarter2,finishing ,Wednesday,10,0.8,3.94,,1260.0,0,0.0,0,0,8.0,0.332359307
Quarter3,finishing ,,5,0.65,4.15,,1440.0,0,0.0,0,0,8.0,0.958901515
Quarter4,sweing,Thursday,5,0.7,20.4,1480.0,,40,0.0,0,0,58.0,0.700250784
Quarter1,sweing,,9,0.8,22.52,,,50,0.0,0,0,58.0,0.799963218
,sweing,Saturday,12,0.8,15.26,,4080.0,75,0.0,0,0,34.0,0.850520588
,sweing,,11,,11.61,635.0,,45,0.0,0,0,57.0,0.750503571
Quarter3,finishing ,,9,,3.94,,1800.0,0,0.0,0,0,10.0,0.582045455
Quarter2,finishing,Sunday,8,0.7,4.15,,,0,0.0,0,0,15.0,0.840888889
Quarter2,sweing,Sunday,1,,22.52,1615.0,,88,0.0,0,0,56.5,0.900135693
Quarter3,finishing,Tuesday,7,0.7,5.13,,1200.0,0,0.0,0,0,10.0,0.91375
Quarter2,sweing,Thursday,3,,30.1,770.0,6960.0,0,0.0,0,1,58.0,0.350301724
Quarter3,finishing ,Tuesday,8,0.8,2.9,,1440.0,0,0.0,0,0,8.0,0.639867424
,sweing,,9,,29.12,1082.0,6840.0,81,0.0,0,0,57.0,0.850610526
Quarter3,sweing,Tuesday,12,0.5,15.26,1352.0,,23,0.0,0,0,34.0,0.500290419
Quarter1,sweing,,4,,26.66,832.0,6780.0,55,0.0,0,0,57.0,0.750254867
Quarter1,sweing,Sunday,3,0.75,19.87,,6600.0,45,0.0,0,0,55.0,0.75024303
Quarter3,sweing,,6,0.8,11.61,916.0,5760.0,75,0.0,0,0,89.0,0.850410511
Quarter2,finishing ,Thursday,8,0.8,2.9,,1440.0,0,0.0,0,0,8.0,0.735984848
,finishing ,,2,0.8,3.94,,,0,0.0,0,0,8.0,0.880530303
Quarter1,finishing,,12,,4.6,,,0,0.0,0,0,9.0,0.868888889
Quarter2,sweing,Saturday,6,0.8,11.41,887.0,5490.0,50,0.0,0,0,30.5,0.800343766
Quarter2,sweing,Monday,8,0.8,25.9,1233.0,10170.0,60,0.0,0,0,56.5,0.850136766
Quarter3,finishing ,Saturday,11,0.8,4.15,,1260.0,0,0.0,0,0,7.0,0.313852814
Quarter2,finishing,Monday,3,0.8,4.6,,0.0,1440,0.0,0,0,12.0,0.795416667
Quarter2,finishing,Saturday,6,,2.9,,960.0,0,0.0,0,0,8.0,0.483333333
Quarter1,sweing,,1,0.7,26.82,1772.0,6960.0,50,0.0,0,0,58.0,0.750651724
,sweing,,5,,21.98,413.0,,40,0.0,0,0,58.0,0.700480831
,sweing,Wednesday,7,0.5,22.52,,10080.0,23,0.0,0,0,56.0,0.500241342
Quarter1,sweing,,7,0.7,24.26,,6960.0,0,0.0,0,0,58.0,0.700612069
Quarter1,finishing,Monday,1,,3.94,,3360.0,0,0.0,0,0,8.0,0.537919444
Quarter2,finishing ,Monday,1,0.8,3.94,,1440.0,0,0.0,0,0,8.0,0.955151515
Quarter2,finishing,Saturday,9,,3.94,,960.0,0,0.0,0,0,8.0,0.238041667
Quarter2,sweing,Thursday,10,,28.08,,10530.0,69,0.0,0,0,58.5,0.8
,finishing,,8,0.35,4.15,,960.0,0,0.0,0,0,8.0,0.703770833
Quarter1,finishing,,10,0.7,2.9,,3360.0,0,0.0,0,0,8.0,0.664583333
,finishing,Saturday,8,0.8,4.6,,,0,0.0,0,0,15.0,0.590740741
Quarter1,sweing,Tuesday,5,0.6,30.1,415.0,6960.0,0,0.0,0,0,58.0,0.415172414
Quarter2,finishing ,Monday,3,,4.15,,1800.0,0,0.0,0,0,10.0,0.905454545
Quarter4,sweing,Wednesday,8,0.7,38.09,336.0,6240.0,0,0.0,0,0,52.0,0.467693269
,finishing ,Tuesday,6,,2.9,,,0,0.0,0,0,8.0,0.6225
Quarter2,sweing,Saturday,5,0.5,20.79,966.0,7680.0,0,0.0,0,0,56.0,0.388007813
,sweing,Wednesday,2,,30.33,361.0,,30,0.0,0,1,58.0,0.700069811
Quarter1,sweing,,11,0.75,19.31,,9900.0,45,0.0,0,0,55.0,0.750057851
,finishing,Thursday,3,0.8,4.6,,6300.0,0,0.0,0,0,15.0,0.921703704
Quarter3,sweing,,11,0.7,11.41,680.0,2160.0,30,0.0,0,2,54.0,0.565972222
,sweing,Monday,1,0.8,26.16,1099.0,8220.0,75,0.0,0,0,59.0,0.850522167
Quarter3,finishing,,3,,5.13,,2880.0,0,0.0,0,0,12.0,0.81640625
Quarter1,finishing ,Saturday,9,0.8,4.15,,960.0,0,0.0,0,0,8.0,0.956270833
Quarter2,finishing,Sunday,10,,2.9,,,0,0.0,0,0,8.0,0.441041667
Quarter2,finishing ,,10,0.75,3.94,,,0,0.0,0,0,8.0,0.779791667
,sweing,Thursday,6,0.75,18.79,899.0,,56,0.0,0,0,33.0,0.75065101
,finishing ,Saturday,9,0.8,3.94,,1440.0,0,0.0,0,0,8.0,0.858143939
Quarter4,sweing,,5,0.75,20.4,1118.0,10320.0,56,0.0,0,0,58.0,0.750031447
,finishing ,Monday,12,,4.08,,,0,0.0,0,0,9.0,0.740444444
Quarter2,sweing,,12,0.8,11.61,1159.0,,50,0.0,0,0,31.5,0.800313433
,finishing,Saturday,10,0.7,2.9,,,0,0.0,0,0,8.0,0.410833333
,sweing,Saturday,12,0.75,15.26,,,40,0.0,0,0,34.0,0.750079323
Quarter4,sweing,Thursday,2,,30.33,,6960.0,0,0.0,0,1,58.0,0.66237931
,sweing,,11,0.75,19.31,,6480.0,45,0.0,0,0,54.0,0.750348457
Quarter4,sweing,,8,,15.09,,,23,0.0,0,0,52.0,0.600143365
Quarter4,finishing,Tuesday,11,0.7,2.9,,960.0,0,0.0,0,0,8.0,0.5046875
Quarter5,sweing,Thursday,5,,20.79,1015.0,7080.0,81,0.0,0,0,59.0,0.800473729
Quarter2,finishing,Monday,1,,3.94,,1200.0,0,0.0,0,0,10.0,0.962016667
,sweing,Tuesday,8,0.8,25.9,1434.0,10170.0,50,0.0,0,0,56.5,0.800128721
,sweing,Sunday,2,0.8,22.52,12.0,,0,0.0,0,0,57.5,0.432122899
Quarter2,sweing,Monday,11,,11.41,357.0,,50,0.0,0,0,58.0,0.800034503
Quarter5,sweing,Saturday,5,,50.89,282.0,5880.0,56,0.0,0,0,59.0,0.656763743
Quarter4,finishing,Monday,3,0.8,5.13,,2160.0,0,0.0,0,0,18.0,0.87115
Quarter2,finishing,Monday,2,,3.9,,0.0,1200,0.0,0,0,10.0,0.6825
,finishing ,Wednesday,8,0.8,2.9,,1440.0,0,0.0,0,0,8.0,0.681060606
Quarter3,sweing,,11,0.6,14.89,1027.0,10080.0,38,0.0,0,0,56.0,0.600273268
Quarter4,finishing,Thursday,9,,2.9,,960.0,0,0.0,0,0,8.0,0.4078125
Quarter1,sweing,Tuesday,8,,24.26,1363.0,6660.0,0,0.0,0,0,55.5,0.586465465
Quarter1,sweing,Thursday,6,0.35,22.53,1450.0,2640.0,0,0.0,0,1,39.0,0.26369382
,sweing,,12,,15.26,1079.0,3720.0,38,0.0,0,0,34.0,0.800312375
Quarter1,finishing,,10,,2.9,,,0,0.0,0,0,8.0,0.632361111
Quarter1,finishing,Thursday,10,0.8,3.94,,960.0,0,0.0,0,0,8.0,0.771583333
,sweing,Thursday,10,0.7,21.82,,3240.0,0,0.0,0,1,52.0,0.700251773
Quarter2,finishing,,10,,2.9,,960.0,0,0.0,0,0,8.0,0.628333333
Quarter4,finishing ,,7,0.65,3.94,,2520.0,0,0.0,0,0,14.0,0.749188312
Quarter3,finishing,,2,0.8,5.13,,,0,0.0,0,0,12.0,0.919125
Quarter2,sweing,Monday,12,0.8,15.26,,4080.0,63,0.0,0,0,34.0,0.800401961
Quarter3,sweing,Saturday,5,0.7,41.19,1052.0,,21,0.0,0,0,58.0,0.452012539
Quarter1,finishing,Saturday,1,0.7,3.94,,960.0,0,0.0,0,0,8.0,0.664875
,sweing,,10,,21.82,1335.0,6000.0,30,0.0,0,0,50.0,0.700422
Quarter1,finishing ,Wednesday,10,0.75,3.94,,1440.0,0,0.0,0,0,8.0,0.805909091
Quarter1,finishing ,,1,0.75,3.94,,,0,0.0,0,0,8.0,0.8865
,finishing,Tuesday,6,0.75,2.9,,1800.0,0,0.0,0,0,15.0,0.726933333
Quarter2,finishing,Wednesday,9,,2.9,,,0,0.0,0,0,15.0,0.505888889
,finishing ,Thursday,4,0.75,3.94,,,0,0.0,0,0,18.0,0.593055556
Quarter3,sweing,Tuesday,11,,11.41,,3420.0,30,0.0,0,2,56.0,0.700614035
Quarter2,sweing,Saturday,4,0.8,28.08,660.0,10440.0,63,0.0,0,0,58.0,0.801028213
Quarter3,finishing ,Thursday,5,0.65,4.15,,1440.0,0,0.0,0,0,8.0,0.860653409
Quarter1,sweing,,6,,18.79,766.0,2760.0,30,0.0,0,0,33.0,0.700079032
Quarter4,sweing,Wednesday,8,,29.4,,6960.0,30,0.0,0,1,58.0,0.700362069
Quarter2,sweing,Thursday,11,0.5,11.41,1039.0,2280.0,0,0.0,0,2,55.0,0.50012336
Quarter1,finishing ,,1,0.8,3.94,,960.0,0,0.0,0,0,8.0,0.915229167
Quarter1,finishing ,Monday,9,,2.9,,1920.0,0,0.0,0,0,8.0,0.820833333
Quarter2,sweing,,7,0.65,30.48,935.0,6840.0,26,0.0,0,1,57.0,0.650596491
Quarter2,sweing,,4,0.7,30.1,855.0,7020.0,40,0.0,0,1,58.0,0.700618234
Quarter3,sweing,Monday,10,0.6,18.22,1131.0,5280.0,0,0.0,0,1,44.0,0.35542803
Quarter3,finishing ,,11,0.7,4.15,,2700.0,0,0.0,0,0,9.0,0.470769231
Quarter2,sweing,Wednesday,12,0.8,15.26,854.0,4080.0,50,0.0,0,0,34.0,0.800401961
,finishing,Wednesday,8,0.7,3.9,,960.0,0,0.0,0,0,8.0,0.625625
Quarter1,sweing,Sunday,10,0.8,22.52,1282.0,6720.0,75,0.0,0,0,56.0,0.850532143
Quarter3,sweing,Wednesday,9,,18.79,1587.0,4560.0,30,0.0,0,1,51.0,0.70009573
Quarter4,sweing,Tuesday,2,,30.33,408.0,1680.0,30,0.0,0,1,59.0,0.700623
,sweing,Sunday,7,,24.26,,6960.0,0,0.0,0,0,58.0,0.355534483
Quarter2,finishing ,,11,,4.15,,1440.0,0,0.0,0,0,8.0,0.640577652
Quarter1,sweing,,11,,11.41,968.0,3660.0,50,0.0,0,0,30.5,0.800570492
Quarter1,finishing ,,3,0.75,4.15,,,0,0.0,0,0,10.0,0.899166667
,sweing,Sunday,1,,26.16,1383.0,,75,0.0,0,0,59.0,0.850502311
,sweing,Tuesday,10,0.7,22.52,1108.0,10080.0,63,0.0,0,0,56.0,0.750057359
,finishing ,,5,0.65,4.15,,1440.0,0,0.0,0,0,8.0,0.821354167
Quarter2,sweing,,8,0.7,30.48,923.0,,30,0.0,0,1,57.0,0.700505263
Quarter1,sweing,Thursday,4,,30.1,417.0,6360.0,23,0.0,0,1,53.0,0.500720126
Quarter1,sweing,Wednesday,12,,11.61,,5670.0,50,0.0,0,0,31.5,0.800246753
Quarter2,sweing,Sunday,9,0.8,29.12,909.0,,50,0.0,0,0,58.0,0.799963218
,sweing,Thursday,8,0.75,29.4,,6960.0,56,0.0,0,2,58.0,0.750206897
,sweing,,11,0.8,11.41,313.0,3420.0,50,0.0,0,0,58.0,0.800034503
Quarter1,finishing ,Monday,8,0.8,2.9,,960.0,0,0.0,0,0,8.0,0.664583333
Quarter1,sweing,Sunday,10,0.7,28.08,,6900.0,40,0.0,0,0,57.5,0.699965217
,sweing,Monday,11,0.75,10.05,103.0,0.0,45,0.0,0,0,54.0,0.750648148
Quarter4,finishing,Tuesday,3,,4.6,,,0,0.0,0,0,12.0,0.811388889
Quarter1,sweing,,2,,28.08,,,63,0.0,0,0,57.5,0.800594466
Quarter1,sweing,Monday,2,0.8,22.52,21385.0,7020.0,88,0.0,0,0,58.5,0.900158405
Quarter2,finishing ,Saturday,10,0.8,3.94,,1440.0,0,0.0,0,0,8.0,0.846950758
,finishing ,Monday,10,0.8,3.94,,1200.0,0,0.0,0,0,10.0,0.85695
Quarter4,finishing ,Tuesday,10,0.8,3.94,,,0,0.0,0,0,12.0,0.979527778
,sweing,,9,,18.79,1641.0,6000.0,40,0.0,0,1,50.0,0.60128
,finishing,,2,0.8,5.13,,,0,0.0,0,0,15.0,0.710125
Quarter4,finishing,,12,,4.6,,3780.0,0,0.0,0,0,9.0,0.590617284
Quarter1,sweing,,4,0.8,28.08,878.0,,50,0.0,0,0,55.5,0.800598058
,sweing,Monday,6,,18.79,,4080.0,0,0.0,0,0,34.0,0.612517157
,finishing ,,12,0.75,4.08,,1080.0,0,0.0,0,0,9.0,0.634666667
,finishing,Monday,2,,3.9,,1200.0,0,0.0,0,0,10.0,0.92885
Quarter1,finishing,,6,0.75,2.9,,3360.0,0,0.0,0,0,8.0,0.309333333
Quarter2,sweing,Monday,10,,22.52,1127.0,120.0,88,0.0,0,0,56.0,0.9008
,sweing,Tuesday,11,0.7,25.31,946.0,,60,0.0,0,0,54.0,0.700513566
,finishing,Thursday,1,0.8,3.94,,,0,0.0,0,0,12.0,0.845458333
Quarter4,finishing ,Thursday,2,,3.94,,15000.0,0,0.0,0,0,25.0,0.649662222
,sweing,,4,,22.4,581.0,7350.0,0,0.0,0,0,51.5,0.35063299
,sweing,Tuesday,9,,29.12,,6960.0,50,0.0,0,0,58.0,0.700386207
,sweing,Tuesday,12,0.8,11.61,,5310.0,50,0.0,0,0,31.5,0.800140969
,finishing,Sunday,1,0.6,3.94,,3360.0,0,0.0,0,0,8.0,0.448722222
Quarter1,finishing,Tuesday,12,0.8,4.6,,,0,0.0,0,0,9.0,0.636049383
,sweing,Sunday,5,,26.82,,,23,0.0,0,1,59.0,0.500033898
Quarter2,sweing,Sunday,9,,26.16,1095.0,10620.0,88,0.0,0,0,59.0,0.900215716
Quarter2,sweing,Sunday,6,0.75,18.79,,3960.0,34,0.0,0,0,33.0,0.75065101
Quarter4,sweing,Wednesday,11,,20.1,1413.0,5880.0,46,0.0,0,0,54.0,0.500567308
Quarter3,finishing,Monday,3,0.5,4.15,,,0,0.0,0,0,8.0,0.864583333
Quarter4,finishing,Monday,7,0.7,5.13,,960.0,0,0.0,0,0,8.0,0.356458333
,finishing,Thursday,11,,4.15,,1440.0,0,0.0,0,0,12.0,0.436326389
Quarter5,sweing,Thursday,12,,15.26,1436.0,4200.0,45,0.0,0,0,35.0,0.750646667
Quarter3,sweing,Wednesday,1,0.65,22.94,1595.0,,34,0.0,0,0,57.0,0.700029771
Quarter3,finishing,Tuesday,6,0.8,2.9,,,0,0.0,0,0,8.0,0.749166667
,sweing,Saturday,11,,20.1,1417.0,6480.0,49,0.0,0,0,54.0,0.650148148
Quarter2,sweing,Wednesday,10,0.75,21.82,1674.0,6000.0,34,0.0,0,0,50.0,0.750608
Quarter1,finishing,,1,,3.94,,960.0,0,0.0,0,0,8.0,0.806879167
Quarter3,sweing,,5,0.8,30.1,461.0,,0,0.0,0,0,59.0,0.800980392
,sweing,Wednesday,8,0.7,29.12,1248.0,6840.0,0,0.0,0,0,57.0,0.700135088
Quarter3,sweing,Monday,9,0.8,26.16,1196.0,10620.0,63,0.0,0,0,59.0,0.800117103
Quarter1,finishing ,,12,0.8,4.08,,,0,0.0,0,0,9.0,0.778222222
Quarter4,finishing,Monday,8,0.7,5.13,,960.0,0,0.0,0,0,8.0,0.930416667
,sweing,Thursday,12,,15.26,,4080.0,63,0.0,0,0,34.0,0.800401961
Quarter4,sweing,Sunday,7,0.7,22.52,360.0,10170.0,40,0.0,0,0,56.5,0.7005417
,sweing,Tuesday,5,,27.48,,,30,0.0,0,0,57.0,0.700659649
Quarter1,sweing,Thursday,3,0.75,28.08,795.0,,45,0.0,0,0,57.5,0.753683478
Quarter1,sweing,Thursday,12,0.8,15.26,1083.0,720.0,38,0.0,0,0,34.0,0.800612676
Quarter4,finishing ,,8,,3.94,,960.0,0,0.0,0,0,8.0,0.845458333
,sweing,Tuesday,3,0.8,22.52,1112.0,,100,0.0,0,0,57.0,0.950185965
Quarter4,sweing,Thursday,9,0.75,18.79,,5640.0,45,0.0,0,1,52.0,0.750371895
Quarter4,sweing,,4,0.8,30.1,901.0,6480.0,50,0.0,0,1,59.0,0.800071839
Quarter1,sweing,,1,0.8,26.16,1179.0,10620.0,75,0.0,0,0,59.0,0.850502311
,sweing,Sunday,3,0.6,30.1,1361.0,6960.0,30,0.0,0,1,58.0,0.475718391
Quarter1,finishing,,8,,4.6,,,0,0.0,0,0,8.0,0.813611111
Quarter4,finishing ,Tuesday,5,0.5,4.15,,1440.0,0,0.0,0,0,12.0,0.926388889
Quarter2,finishing,,5,0.7,4.15,,240.0,0,0.0,0,0,2.0,0.87
Quarter2,sweing,Tuesday,11,0.7,27.13,,,37,0.0,0,0,53.0,0.582301029
Quarter1,sweing,Saturday,6,0.75,18.79,813.0,,34,0.0,0,0,33.0,0.750520115
Quarter1,sweing,Wednesday,10,,28.08,1144.0,10530.0,69,0.0,0,0,58.5,0.8
Quarter5,finishing ,,11,0.65,3.94,,600.0,0,0.0,0,0,5.0,0.971866667
Quarter1,finishing ,Tuesday,8,0.7,4.15,,960.0,0,0.0,0,0,8.0,0.976979167
,finishing,,4,0.75,5.13,,1920.0,0,0.0,0,0,8.0,0.684027778
Quarter4,finishing ,Saturday,5,0.7,4.15,,2700.0,0,0.0,0,0,15.0,0.966666667
Quarter2,finishing ,,4,0.35,4.3,,,0,0.0,0,0,8.0,0.908080808
Quarter4,finishing ,,7,,4.15,,960.0,0,0.0,0,0,8.0,0.803541667
Quarter1,finishing ,Tuesday,1,,3.94,,1200.0,0,0.0,0,0,10.0,0.99485
Quarter4,finishing,Wednesday,2,,3.9,,960.0,0,0.0,0,0,8.0,0.440375
Quarter4,finishing ,,8,,4.15,,,0,0.0,0,0,8.0,0.553333333
,sweing,Thursday,8,0.8,25.9,1177.0,8970.0,60,0.0,0,0,56.5,0.850415628
,sweing,,10,,21.82,1393.0,5640.0,30,0.0,0,0,52.0,0.700236601
Quarter3,finishing,Monday,9,0.8,3.94,,1200.0,0,0.0,0,0,10.0,0.960433333
Quarter2,sweing,Monday,7,0.35,30.1,,,0,0.0,0,1,58.0,0.350301724
Quarter2,finishing ,,5,,4.15,,,0,0.0,0,0,15.0,0.864583333
Quarter1,sweing,Wednesday,4,0.7,26.82,1028.0,,60,0.0,0,0,58.0,0.799975862
Quarter3,finishing,Sunday,4,0.75,4.15,,,0,0.0,0,0,20.0,0.287041667
Quarter1,sweing,Saturday,9,0.7,28.08,,6900.0,40,0.0,0,0,57.5,0.699965217
Quarter3,finishing ,Sunday,11,,4.15,,2160.0,0,0.0,0,0,12.0,0.838383838
,finishing ,,1,,3.94,,1440.0,0,0.0,0,0,8.0,0.884261364
Quarter2,finishing,,4,,3.94,,960.0,0,0.0,0,0,8.0,0.890604167
Quarter4,sweing,Sunday,1,,22.94,1682.0,,75,0.0,0,0,58.5,0.800909609
,finishing ,,2,,3.94,,960.0,0,0.0,0,0,8.0,0.755166667
Quarter4,finishing,Thursday,2,0.7,3.9,,960.0,0,0.0,0,0,8.0,0.5565625
Quarter4,sweing,Thursday,7,,30.1,694.0,,50,0.0,0,1,59.0,0.800808642
,sweing,Wednesday,1,0.8,22.52,1532.0,,88,0.0,0,0,57.5,0.900147246
,sweing,Monday,2,0.8,22.52,1413.0,360.0,70,0.0,0,0,57.0,0.900477825
Quarter1,sweing,Sunday,6,0.65,18.79,881.0,,26,0.0,0,0,33.0,0.651007071
Quarter2,sweing,Wednesday,6,0.7,23.41,,4560.0,40,0.0,0,1,38.0,0.700246491
Quarter3,finishing ,Sunday,8,0.8,2.9,,1440.0,0,0.0,0,0,8.0,0.639867424
Quarter4,finishing ,Monday,1,0.7,3.94,,,0,0.0,0,0,10.0,0.910378788
Quarter1,finishing,,6,,2.9,,960.0,0,0.0,0,0,8.0,0.7975
Quarter2,finishing,,2,0.75,3.9,,,0,0.0,0,0,8.0,0.819270833
Quarter3,sweing,Thursday,2,0.65,30.33,,6840.0,0,0.0,0,1,57.0,0.585315789
,finishing,,2,,5.13,,,0,0.0,0,0,8.0,0.36871875
,sweing,Tuesday,1,,26.66,,,60,0.0,0,0,58.0,0.800566092
,sweing,,11,0.75,42.97,1282.0,10260.0,56,0.0,0,0,57.0,0.750041201
,sweing,Sunday,1,0.75,26.82,1254.0,6960.0,65,0.0,0,0,58.0,0.85007069
Quarter2,finishing,Sunday,6,0.6,2.9,,,0,0.0,0,0,8.0,0.271875
,finishing,,5,0.8,4.6,,7560.0,0,0.0,0,0,18.0,0.921604938
,sweing,Wednesday,8,0.6,30.1,1069.0,,30,0.0,0,1,58.0,0.714410494
Quarter4,sweing,,5,,20.79,1045.0,6960.0,88,0.0,0,0,58.0,0.800534483
Quarter1,finishing ,Monday,6,0.6,2.9,,1200.0,0,0.0,0,0,10.0,0.280333333
Quarter1,sweing,,7,0.8,25.9,,6720.0,38,0.0,0,0,56.0,0.800125
Quarter2,sweing,Saturday,5,0.75,30.1,664.0,,56,0.0,0,0,59.0,0.750392157
Quarter2,finishing ,Wednesday,7,0.8,2.9,,1440.0,0,0.0,0,0,8.0,0.837594697
,sweing,,3,0.8,29.4,1169.0,6840.0,63,0.0,0,0,57.0,0.800333333
,sweing,Thursday,2,0.6,15.28,,1320.0,0,0.0,0,1,46.0,0.600099145
,sweing,,10,0.8,22.52,1088.0,6720.0,88,0.0,0,0,56.0,0.900129762
Quarter2,sweing,,1,,26.16,1189.0,10620.0,75,0.0,0,0,59.0,0.850502311
,finishing ,Wednesday,5,0.7,4.15,,,0,0.0,0,0,8.0,0.758173077
,finishing,Monday,12,0.8,4.08,,,0,0.0,0,0,9.0,0.272
Quarter2,finishing ,,7,,2.9,,1440.0,0,0.0,0,0,8.0,0.648106061
Quarter2,sweing,Thursday,8,,25.9,1026.0,10170.0,60,0.0,0,0,56.5,0.850136766
,sweing,Wednesday,10,,21.82,,6240.0,0,0.0,0,2,52.0,0.700058333
Quarter4,finishing ,Thursday,4,0.75,4.3,,9000.0,0,0.0,0,0,15.0,0.670216049
Quarter4,sweing,Saturday,6,0.75,18.79,,3960.0,45,0.0,0,0,33.0,0.75065101
Quarter3,finishing ,Sunday,6,0.8,2.9,,1800.0,0,0.0,0,0,10.0,0.804848485
Quarter3,sweing,,10,0.65,22.52,1163.0,9720.0,35,0.0,0,0,54.0,0.650198653
Quarter2,sweing,Tuesday,5,,26.82,1001.0,7080.0,26,0.0,0,1,59.0,0.650044068
,sweing,,7,0.8,48.84,,,50,0.0,0,0,56.5,0.800128721
Quarter3,finishing,Thursday,5,0.75,5.13,,,0,0.0,0,0,8.0,0.631354167
,finishing ,Saturday,5,,4.15,,,0,0.0,0,0,15.0,0.98719697
,sweing,,2,0.8,22.52,1512.0,,88,0.0,0,0,57.0,0.899984058
Quarter1,sweing,,10,0.75,19.31,,,45,0.0,0,0,54.0,0.712205247
Quarter1,sweing,,6,0.8,11.41,986.0,5490.0,50,0.0,0,0,30.5,0.800343766
Quarter4,finishing,,8,0.75,4.6,,3360.0,0,0.0,0,0,8.0,0.376597222
Quarter2,finishing ,,2,0.8,3.94,,1440.0,0,0.0,0,0,8.0,0.805909091
,finishing,,9,0.75,2.9,,960.0,0,0.0,0,0,8.0,0.4078125
Quarter1,sweing,,5,0.7,30.1,557.0,6960.0,0,0.0,0,0,58.0,0.562212644
Quarter1,sweing,,9,0.8,26.16,1305.0,,75,0.0,0,0,59.0,0.850502311
Quarter1,sweing,,8,,24.26,1435.0,,0,0.0,0,0,55.0,0.260978788
Quarter2,sweing,,9,0.8,26.16,1093.0,10620.0,75,0.0,0,0,59.0,0.850502311
Quarter3,sweing,Tuesday,11,0.7,14.89,,,50,0.0,0,0,57.0,0.700170388
,sweing,Thursday,12,0.8,11.61,548.0,15120.0,63,0.0,0,0,31.5,0.800107143
Quarter1,finishing,Saturday,4,0.8,4.3,,960.0,0,0.0,0,0,8.0,0.447916667
Quarter3,sweing,,4,,30.1,864.0,,50,0.0,0,1,58.0,0.800980392
Quarter4,sweing,,3,0.7,30.1,,8160.0,33,0.0,0,2,58.0,0.626577778
Quarter3,finishing,Sunday,5,0.75,4.15,,,0,0.0,0,0,2.0,0.760833333
Quarter2,finishing,Saturday,7,0.7,4.15,,1800.0,0,0.0,0,0,15.0,0.929277778
,sweing,Wednesday,7,,23.54,958.0,,0,0.0,0,0,55.0,0.285333333
Quarter4,sweing,Saturday,8,,29.4,792.0,4560.0,56,0.0,0,2,58.0,0.750425926
,finishing ,Thursday,4,0.35,4.3,,3600.0,0,0.0,0,0,20.0,0.988636364
Quarter1,sweing,,12,0.8,15.26,983.0,,50,0.0,0,0,34.0,0.800401961
Quarter2,sweing,Saturday,9,,26.16,1122.0,,75,0.0,0,0,59.0,0.851174114
,finishing ,Saturday,2,,3.94,,1200.0,0,0.0,0,0,10.0,0.971866667
,finishing ,,3,0.75,3.94,,,0,0.0,0,0,12.0,0.861875
Quarter3,sweing,Tuesday,6,0.75,18.79,,,0,0.0,0,0,33.0,0.750621354
Quarter1,sweing,Sunday,6,0.75,18.79,1193.0,,45,0.0,0,0,33.0,0.75065101
,sweing,Monday,12,0.8,11.61,,7200.0,50,0.0,0,0,32.0,0.800246011
Quarter1,sweing,,2,0.5,15.28,261.0,5520.0,0,0.0,0,1,46.0,0.404144928
Quarter1,sweing,Tuesday,2,0.4,15.28,157.0,5400.0,0,6.5,30,1,45.0,0.30277037
,sweing,Tuesday,4,,26.66,,6960.0,50,0.0,0,0,58.0,0.750770115
Quarter2,sweing,Monday,4,0.75,26.82,,7020.0,65,0.0,0,0,58.0,0.850446154
Quarter2,finishing,Thursday,2,0.8,3.94,,2160.0,0,0.0,0,0,18.0,0.601944444
Quarter1,finishing,Wednesday,2,0.8,3.94,,,0,0.0,0,0,18.0,0.966759259
Quarter2,sweing,,7,0.8,25.9,1126.0,10170.0,60,0.0,0,0,56.5,0.850136766
,sweing,Monday,1,0.75,26.82,1322.0,7140.0,65,0.0,0,0,59.0,0.850426891
,finishing,,9,,3.94,,960.0,0,0.0,0,0,8.0,0.549791667
Quarter1,finishing,,12,0.8,4.6,,1080.0,0,0.0,0,0,9.0,0.868888889
Quarter3,sweing,Monday,8,0.7,30.1,7.0,,27,2.0,10,2,59.0,0.621971751
Quarter4,finishing,Wednesday,9,0.7,2.9,,,0,0.0,0,0,8.0,0.410833333
Quarter2,sweing,Monday,7,0.5,30.48,,6600.0,0,0.0,0,1,55.0,0.500610909
Quarter2,sweing,Wednesday,2,0.75,16.1,971.0,5400.0,45,0.0,0,1,45.0,0.750140741
Quarter2,finishing ,Saturday,7,0.8,2.9,,,0,0.0,0,0,8.0,0.670075758
Quarter1,sweing,,1,,26.66,,6840.0,65,0.0,0,0,57.0,0.800579532
Quarter2,sweing,Tuesday,8,,30.1,1061.0,6960.0,30,0.0,0,1,58.0,0.393548851
,sweing,Wednesday,2,0.8,51.02,,4260.0,27,0.0,0,0,57.0,0.311207464
Quarter4,sweing,Sunday,8,0.5,15.09,1557.0,720.0,23,0.0,0,0,52.0,0.500061916
Quarter1,finishing ,Tuesday,2,0.8,3.94,,1440.0,0,0.0,0,0,8.0,0.805909091
Quarter2,sweing,Monday,8,0.65,30.48,953.0,6720.0,26,0.0,0,1,56.0,0.650421429
Quarter2,finishing,Thursday,12,0.8,4.08,,,0,0.0,0,0,9.0,0.838666667
,sweing,Thursday,10,0.6,22.52,,10170.0,23,0.0,0,0,56.5,0.600291767
Quarter1,sweing,Wednesday,7,0.8,25.9,,,50,0.0,0,0,56.5,0.800128721
Quarter2,sweing,Monday,8,0.35,30.1,901.0,,0,0.0,0,1,58.0,0.350301724
,sweing,,9,,18.79,1688.0,5280.0,0,0.0,0,1,54.0,0.283054487
Quarter2,finishing,,8,0.6,3.9,,960.0,0,0.0,0,0,8.0,0.4509375
Quarter3,sweing,,12,,11.61,,,50,0.0,0,0,31.5,0.80003139
Quarter1,sweing,,8,0.8,25.9,,10170.0,60,0.0,0,0,56.5,0.850136766
Quarter4,sweing,Thursday,9,,29.12,970.0,10440.0,30,0.0,0,0,58.0,0.500547544
,sweing,,12,0.8,15.26,970.0,4080.0,63,0.0,0,0,34.0,0.800401961
Quarter1,finishing ,,8,,2.9,,960.0,0,0.0,0,0,8.0,0.682708333
,sweing,Wednesday,6,0.75,18.79,759.0,3960.0,34,0.0,0,0,33.0,0.75065101
Quarter3,finishing ,Thursday,1,0.8,3.94,,,0,0.0,0,0,8.0,0.884261364
Quarter1,sweing,Tuesday,6,0.8,11.61,910.0,4470.0,38,0.0,0,0,31.5,0.80007657
Quarter2,finishing ,Monday,4,0.35,4.3,,,0,0.0,0,0,18.0,0.942213805
Quarter3,finishing,,11,,2.9,,1200.0,0,0.0,0,0,10.0,0.715333333
Quarter2,sweing,Wednesday,9,,18.79,,,45,0.0,0,0,52.0,0.750347333
Quarter4,sweing,,6,0.8,11.61,,,63,0.0,0,0,32.0,0.800386364
Quarter4,finishing ,Tuesday,4,0.8,4.3,,,0,0.0,0,0,12.0,0.940625
,sweing,Monday,6,0.8,11.61,,5760.0,50,0.0,0,0,32.0,0.800386364
Quarter1,sweing,,4,,28.08,925.0,10350.0,50,0.0,0,0,57.5,0.800594466
Quarter3,sweing,,3,,22.52,1139.0,10260.0,63,0.0,0,0,57.0,0.750068049
Quarter1,sweing,Sunday,3,0.75,29.4,,,45,0.0,0,0,57.0,0.750473684
Quarter1,sweing,Monday,3,0.8,29.4,1231.0,,50,0.0,0,0,57.0,0.800149813
Quarter2,finishing,Tuesday,4,0.75,3.94,,960.0,0,0.0,0,0,8.0,0.881575
,finishing ,Saturday,10,0.8,3.94,,1440.0,0,0.0,0,0,8.0,0.974621212
Quarter3,finishing,Wednesday,3,0.5,5.13,,960.0,0,0.0,0,0,8.0,0.2565
,sweing,Sunday,7,0.8,25.9,1012.0,10170.0,45,0.0,0,0,56.5,0.850136766
Quarter1,sweing,,5,0.6,27.48,549.0,6720.0,38,0.0,0,0,56.0,0.707446429
Quarter3,finishing,Wednesday,12,,5.13,,1200.0,0,0.0,0,0,10.0,0.9918
Quarter4,sweing,,10,0.7,21.82,1448.0,,40,0.0,0,1,51.0,0.700236601
Quarter4,finishing,Sunday,12,,5.13,,,0,0.0,0,0,10.0,0.78375
Quarter4,finishing,Saturday,2,0.7,3.9,,,0,0.0,0,0,8.0,0.5565625
,finishing,,11,0.6,2.9,,2880.0,0,0.0,0,0,12.0,0.805555556
Quarter1,sweing,Saturday,10,0.75,19.31,610.0,6480.0,56,0.0,0,0,54.0,0.787299691
,sweing,Monday,7,0.8,48.84,1040.0,10260.0,30,0.0,0,0,57.0,0.576460393
,finishing,Sunday,1,0.8,3.94,,,0,0.0,0,0,12.0,0.727349537
Quarter2,finishing,,9,,3.94,,960.0,0,0.0,0,0,8.0,0.54175
Quarter1,sweing,,3,,22.52,1124.0,6840.0,100,0.0,0,0,57.0,0.950185965
Quarter1,finishing,Monday,3,0.8,4.6,,10080.0,0,0.0,0,0,24.0,0.86037037
Quarter2,sweing,Tuesday,2,,28.08,,10530.0,50,0.0,0,0,58.5,0.8
Quarter1,finishing,Thursday,4,0.7,3.94,,960.0,0,0.0,0,0,8.0,0.812625
,finishing ,Monday,10,,2.9,,960.0,0,0.0,0,0,8.0,0.763375
Quarter3,sweing,Monday,3,,30.1,1263.0,600.0,63,0.0,0,1,58.0,0.802243319
Quarter3,finishing ,,10,0.7,3.94,,,0,0.0,0,0,8.0,0.538399621
Quarter1,finishing ,Monday,8,0.65,4.15,,960.0,0,0.0,0,0,8.0,0.561979167
Quarter2,finishing ,Tuesday,7,0.8,2.9,,,0,0.0,0,0,8.0,0.670075758
,finishing,,3,,5.13,,1800.0,0,0.0,0,0,15.0,0.7866
Quarter3,sweing,,3,0.7,22.52,,8460.0,50,0.0,0,0,57.0,0.750037968
,sweing,Monday,1,,22.52,1506.0,,70,0.0,0,0,57.0,0.900509044
Quarter3,finishing ,Saturday,9,,3.94,,,0,0.0,0,0,10.0,0.82680303
Quarter2,sweing,Saturday,8,,30.1,824.0,5160.0,0,0.0,0,1,60.0,0.700206125
,sweing,Wednesday,10,0.7,19.68,1119.0,5640.0,0,8.0,35,1,47.0,0.303574468
,sweing,,8,0.7,30.48,,6840.0,30,0.0,0,1,57.0,0.700505263
,finishing ,Thursday,8,0.65,4.15,,,0,0.0,0,0,8.0,0.877552083
Quarter1,finishing,Monday,8,0.75,4.6,,3360.0,0,0.0,0,0,8.0,0.773333333
,sweing,,4,,26.66,692.0,6840.0,23,0.0,0,0,57.0,0.600239766
Quarter1,sweing,Monday,12,0.8,15.26,,4080.0,63,0.0,0,0,34.0,0.800401961
Quarter3,finishing,Thursday,12,0.8,5.13,,2160.0,0,0.0,0,0,9.0,0.609583333
Quarter4,sweing,Saturday,1,,26.66,1448.0,6840.0,30,0.0,0,2,57.0,0.550349708
Quarter1,sweing,Tuesday,2,0.8,28.08,716.0,,50,0.0,0,0,57.5,0.800594466
,finishing ,Sunday,3,0.75,4.15,,1560.0,0,0.0,0,0,8.0,0.991388889
Quarter1,sweing,Thursday,3,0.8,29.4,797.0,1800.0,63,0.0,0,0,57.0,0.800534979
,finishing,,2,0.8,5.13,,4800.0,0,0.0,0,0,20.0,0.8300625
,finishing,Saturday,5,0.8,4.6,,7560.0,0,0.0,0,0,18.0,0.921604938
Quarter1,finishing ,Tuesday,9,0.8,3.94,,,0,0.0,0,0,8.0,0.858143939
Quarter2,finishing,Sunday,1,,3.94,,960.0,0,0.0,0,0,8.0,0.890604167
,sweing,Sunday,9,0.8,26.16,1278.0,,60,0.0,0,0,59.0,0.850569492
Quarter4,sweing,Thursday,12,0.6,15.26,1492.0,,23,0.0,0,0,34.0,0.600436426
Quarter4,sweing,Tuesday,1,,22.53,708.0,5040.0,0,0.0,0,1,42.0,0.268214286
Quarter2,sweing,,8,,24.26,154.0,6840.0,0,0.0,0,0,57.0,0.353259649
,finishing ,,7,0.8,2.9,,,0,0.0,0,0,8.0,0.667604167
Quarter2,finishing,,5,,3.94,,1440.0,0,0.0,0,0,12.0,0.909391667
Quarter4,sweing,,7,0.6,22.52,1859.0,,23,0.0,0,0,57.0,0.60041361
Quarter1,sweing,Tuesday,8,,29.4,534.0,6840.0,56,0.0,0,0,57.0,0.750473684
Quarter2,finishing,Sunday,12,,4.08,,1080.0,0,0.0,0,0,9.0,0.891555556
,sweing,Tuesday,7,,30.48,1017.0,6840.0,25,0.0,0,1,57.0,0.630402924
Quarter1,sweing,Monday,7,0.8,25.9,1255.0,6780.0,50,0.0,0,0,56.5,0.800684366
Quarter2,finishing,,1,,3.94,,1440.0,0,0.0,0,0,12.0,0.664875
Quarter1,sweing,Wednesday,8,0.8,29.4,,6840.0,0,0.0,0,0,57.0,0.433263158
Quarter2,sweing,Sunday,12,,11.61,896.0,,50,0.0,0,0,31.5,0.800246753
Quarter1,sweing,,10,0.7,21.82,,3600.0,30,0.0,0,0,51.0,0.70013604
,sweing,Saturday,4,,30.1,481.0,,0,0.0,0,1,59.0,0.750392157
Quarter2,sweing,Thursday,7,,30.1,909.0,7080.0,0,0.0,0,1,59.0,0.535677966
,sweing,Sunday,11,,10.05,629.0,3240.0,45,0.0,0,0,27.0,0.750027778
Quarter1,finishing ,Monday,3,0.75,4.15,,,0,0.0,0,0,8.0,0.875390625
,sweing,,6,,11.61,,7200.0,50,0.0,0,0,32.0,0.800246011
Quarter5,sweing,Thursday,11,,20.1,,,46,0.0,0,0,51.0,0.60059761
Quarter2,sweing,Tuesday,9,0.75,18.79,,,45,0.0,0,0,52.0,0.750395513
,sweing,,6,,18.79,,,0,0.0,0,0,34.0,0.557252451
Quarter4,finishing ,Wednesday,2,,3.94,,1800.0,0,0.0,0,0,15.0,0.902222222
,sweing,Thursday,2,0.8,28.08,783.0,,63,0.0,0,0,58.5,0.800497246
Quarter1,finishing ,,12,0.75,4.08,,1080.0,0,0.0,0,0,9.0,0.702666667
Quarter4,finishing,Tuesday,10,,2.9,,,0,0.0,0,0,15.0,0.902222222
,sweing,Monday,9,0.8,26.16,,,75,0.0,0,0,59.0,0.850569492
Quarter2,finishing ,,2,,3.94,,1260.0,0,0.0,0,0,8.0,0.247316017
Quarter1,sweing,Monday,7,0.7,24.26,,,0,0.0,0,0,56.0,0.295307738
Quarter5,sweing,Thursday,3,0.8,22.52,1287.0,6840.0,100,0.0,0,0,57.0,0.950185965
Quarter1,finishing,Wednesday,7,0.8,4.6,,8400.0,0,0.0,0,0,20.0,0.684888889
,finishing ,Saturday,1,0.8,3.94,,2160.0,0,0.0,0,0,8.0,0.985
,sweing,Tuesday,10,0.8,22.52,1268.0,,88,0.0,0,0,56.0,0.90063244
Quarter2,finishing,Wednesday,7,,3.9,,960.0,0,0.0,0,0,8.0,0.625625
,sweing,,12,0.8,11.61,1063.0,,50,0.0,0,0,31.5,0.800246753
,finishing ,,3,0.8,4.15,,,0,0.0,0,0,9.0,0.901262626
Quarter2,sweing,Wednesday,7,0.6,30.1,,,23,0.0,0,1,58.0,0.600070513
Quarter3,sweing,,2,0.65,22.94,,10170.0,26,0.0,0,0,56.5,0.650243497
Quarter1,finishing,,9,,2.9,,1200.0,0,0.0,0,0,10.0,0.8004
Quarter4,sweing,Monday,3,,22.52,1584.0,10260.0,69,0.0,0,0,57.0,0.80035194
,sweing,,5,,30.1,450.0,5700.0,0,4.5,25,0,60.0,0.307501459
Quarter2,sweing,,12,0.8,15.26,,4080.0,63,0.0,0,0,34.0,0.800401961
,sweing,Tuesday,9,,26.16,1156.0,10620.0,75,0.0,0,0,59.0,0.850502311
,finishing ,,8,0.8,2.9,,1440.0,0,0.0,0,0,8.0,0.675568182
Quarter2,finishing,Tuesday,7,,3.9,,960.0,0,0.0,0,0,8.0,0.560625
,finishing ,,7,0.7,3.94,,,0,0.0,0,0,18.0,0.892194444
Quarter4,finishing ,Saturday,8,0.8,2.9,,,0,0.0,0,0,9.0,0.910521886
,finishing ,Sunday,3,0.75,3.94,,1620.0,0,0.0,0,0,9.0,0.961784512
Quarter2,sweing,Wednesday,4,,30.1,667.0,5940.0,40,0.0,0,1,59.5,0.700588406
Quarter1,sweing,,6,0.75,18.79,52.0,,0,0.0,0,0,33.0,0.332146465
Quarter1,sweing,,3,0.8,19.87,,9900.0,50,0.0,0,0,55.0,0.800273829
Quarter4,finishing,Tuesday,8,,4.6,,960.0,0,0.0,0,0,8.0,0.791458333
Quarter2,sweing,Sunday,4,0.65,30.1,,6780.0,44,0.0,0,1,56.5,0.568259587
Quarter2,finishing ,,2,0.8,3.94,,1440.0,0,0.0,0,0,8.0,0.817102273
,finishing,Sunday,4,0.6,3.94,,,0,0.0,0,0,8.0,0.673083333
,sweing,Saturday,1,0.7,22.94,1472.0,10260.0,75,0.0,0,0,57.0,0.800643806
Quarter4,sweing,Wednesday,1,0.75,22.94,1868.0,,81,0.0,0,0,58.0,0.850362069
Quarter4,sweing,Saturday,6,0.8,11.61,1009.0,,63,0.0,0,0,32.0,0.800537143
Quarter5,finishing ,Saturday,4,0.8,3.94,,1200.0,0,0.0,0,0,10.0,0.971866667
,sweing,Thursday,8,0.65,30.1,1193.0,7080.0,0,0.0,0,1,59.0,0.463403955
Quarter2,finishing ,Thursday,5,0.7,4.15,,,0,0.0,0,0,8.0,0.821354167
Quarter4,finishing,Saturday,3,0.8,4.6,,6300.0,0,0.0,0,0,15.0,0.921703704
,sweing,Saturday,7,0.8,25.9,,10170.0,50,0.0,0,0,56.5,0.800128721
Quarter3,sweing,Thursday,11,0.5,14.89,917.0,,30,0.0,0,0,55.0,0.500025069
Quarter1,sweing,,9,0.75,18.79,1228.0,6240.0,45,0.0,0,0,52.0,0.750395513
Quarter3,finishing ,Thursday,8,,2.9,,,0,0.0,0,0,8.0,0.606912879
Quarter4,finishing,,1,0.5,3.94,,3360.0,0,0.0,0,0,8.0,0.768847222
Quarter2,finishing,Sunday,7,0.7,4.15,,,0,0.0,0,0,12.0,0.928680556
Quarter3,finishing,Wednesday,4,,5.13,,,0,0.0,0,0,8.0,0.734645833
Quarter1,sweing,Saturday,2,0.65,16.1,626.0,4200.0,0,0.0,0,1,45.0,0.65024031
,finishing ,,8,0.8,2.9,,1440.0,0,0.0,0,0,8.0,0.725
Quarter3,sweing,Tuesday,2,0.7,22.94,,,50,0.0,0,0,57.0,0.750031898
Quarter4,finishing ,Tuesday,12,0.7,4.15,,1080.0,0,0.0,0,0,9.0,0.823555556
Quarter4,sweing,Sunday,12,,15.26,1103.0,4080.0,63,0.0,0,0,34.0,0.800401961
Quarter3,finishing ,Thursday,9,,3.94,,1440.0,0,0.0,0,0,8.0,0.858143939
Quarter2,sweing,,6,,11.41,,14640.0,50,0.0,0,0,30.5,0.800024932
,finishing,Saturday,8,,4.15,,960.0,0,0.0,0,0,8.0,0.725625
Quarter1,sweing,,11,,11.61,1005.0,7080.0,50,0.0,0,0,29.5,0.800237288
,finishing,Wednesday,6,0.7,2.9,,960.0,0,0.0,0,0,8.0,0.531666667
Quarter2,finishing,Thursday,8,,4.15,,1440.0,0,0.0,0,0,12.0,0.755486111
Quarter2,finishing ,Wednesday,3,0.8,4.15,,1440.0,0,0.0,0,0,7.0,0.820833333
,sweing,Thursday,12,0.8,15.26,1126.0,,38,0.0,0,0,34.0,0.800711494
Quarter5,sweing,Thursday,7,0.65,23.54,830.0,6600.0,0,0.0,0,0,55.0,0.48792
Quarter4,finishing ,,1,0.75,3.94,,1200.0,0,0.0,0,0,10.0,0.77815
Quarter4,sweing,Saturday,7,0.65,22.52,,10170.0,26,0.0,0,0,56.5,0.650416734
,sweing,,2,0.7,30.33,746.0,6840.0,0,0.0,0,1,57.0,0.700605263
,sweing,,5,0.7,42.41,724.0,10260.0,0,0.0,0,0,57.0,0.233705476
,sweing,Wednesday,5,0.75,30.1,,7380.0,56,0.0,0,0,59.5,0.750406233
Quarter1,finishing ,Sunday,2,0.8,3.94,,1200.0,0,0.0,0,0,10.0,0.912766667
Quarter2,sweing,,12,0.8,15.26,900.0,4080.0,50,0.0,0,0,34.0,0.800401961
,finishing ,,11,0.5,2.9,,,0,0.0,0,0,8.0,0.259375
,sweing,Sunday,5,0.7,20.4,1217.0,,50,0.0,0,0,58.0,0.700250784
Quarter2,finishing,,1,0.8,3.94,,1440.0,0,0.0,0,0,12.0,0.796208333
Quarter2,sweing,Sunday,8,0.8,25.9,1209.0,10170.0,60,0.0,0,0,56.5,0.850136766
Quarter2,sweing,Tuesday,4,0.75,26.82,1104.0,5880.0,65,0.0,0,0,59.0,0.850084211
Quarter2,sweing,,2,0.8,28.08,805.0,10530.0,63,0.0,0,0,58.5,0.8
Quarter2,sweing,Tuesday,9,0.8,29.12,,,38,0.0,0,0,58.0,0.8008
Quarter2,sweing,Monday,3,0.8,22.52,1271.0,5400.0,50,0.0,0,0,57.0,0.800161172
Quarter2,sweing,Monday,10,0.8,50.48,381.0,6930.0,45,0.0,0,0,58.5,0.688557555
,finishing,Wednesday,6,0.75,2.9,,960.0,0,0.0,0,0,8.0,0.410833333
Quarter2,sweing,,8,0.8,25.9,1211.0,10260.0,60,0.0,0,0,57.0,0.850252525
Quarter2,finishing ,,1,0.8,3.94,,1440.0,0,0.0,0,0,2.0,0.951420455
Quarter1,sweing,,12,,15.26,1276.0,1440.0,45,0.0,0,0,35.0,0.750450658
Quarter2,finishing ,Wednesday,11,,4.15,,1980.0,0,0.0,0,0,7.0,0.934607438
Quarter1,sweing,Wednesday,12,0.8,15.26,961.0,4080.0,50,0.0,0,0,34.0,0.800401961
Quarter4,sweing,Saturday,4,,22.52,727.0,,94,0.0,0,0,57.0,0.900321106
Quarter2,finishing,Monday,12,0.8,4.6,,0.0,1080,0.0,0,0,9.0,0.902962963
,sweing,Wednesday,2,0.7,22.94,,10500.0,60,0.0,0,0,57.0,0.800415742
,finishing ,,11,0.75,4.15,,1800.0,0,0.0,0,0,10.0,0.896022727
Quarter3,sweing,Wednesday,1,,22.52,,3960.0,63,0.0,0,0,57.0,0.800279693
Quarter1,finishing,Thursday,1,,3.94,,960.0,0,0.0,0,0,8.0,0.812625
Quarter1,finishing ,,2,0.8,3.94,,960.0,0,0.0,0,0,8.0,0.804416667
Quarter5,sweing,Saturday,7,0.7,23.54,,6720.0,0,0.0,0,0,56.0,0.388830357
,sweing,Sunday,2,0.75,22.94,,10530.0,81,0.0,0,0,58.5,0.850223776
Quarter1,sweing,,8,0.8,26.16,1261.0,7080.0,50,0.0,0,0,59.0,0.800318644
Quarter1,sweing,Tuesday,10,,21.82,1313.0,5040.0,30,0.0,0,0,51.0,0.699984417
Quarter1,sweing,Saturday,1,0.8,28.08,,6300.0,50,0.0,0,0,56.5,0.800725314
Quarter4,finishing,Thursday,1,,3.94,,3360.0,0,0.0,0,0,8.0,0.768847222
Quarter4,finishing ,Thursday,10,0.75,3.94,,8400.0,0,0.0,0,0,14.0,0.940701058
Quarter1,sweing,Monday,5,0.65,27.48,,,34,0.0,0,0,56.0,0.700903571
Quarter3,sweing,,9,0.8,26.16,,,63,0.0,0,0,59.0,0.800117103
Quarter1,sweing,,12,0.8,15.26,,3600.0,63,0.0,0,0,35.0,0.800401961
,finishing,Sunday,2,,3.94,,,0,0.0,0,0,18.0,0.875555556
Quarter3,sweing,Monday,4,,30.1,912.0,,0,0.0,0,1,58.0,0.750356125
Quarter1,sweing,Monday,2,0.8,28.08,,,50,0.0,0,0,57.5,0.800076522
Quarter3,sweing,,1,0.8,48.68,171.0,10620.0,63,0.0,0,0,59.0,0.800117103
Quarter1,sweing,Thursday,5,0.8,11.41,668.0,3660.0,50,0.0,0,0,30.5,0.707045902
Quarter3,sweing,Monday,3,,22.52,1095.0,,50,0.0,0,0,56.5,0.750062751
Quarter4,sweing,Tuesday,10,0.8,22.52,,6720.0,70,0.0,0,0,56.0,0.900129762
Quarter1,finishing ,Tuesday,9,,3.94,,,0,0.0,0,0,11.0,0.919954545
Quarter1,sweing,Tuesday,4,0.8,22.52,340.0,,63,0.0,0,0,56.5,0.800434622
Quarter1,sweing,,11,0.8,11.41,601.0,0.0,50,0.0,0,0,56.0,0.800701754
Quarter1,finishing,Thursday,7,0.7,3.94,,1200.0,0,0.0,0,0,10.0,0.8471
Quarter2,sweing,Monday,5,0.65,20.79,1141.0,8460.0,0,0.0,0,0,59.0,0.650040783
Quarter2,finishing,Monday,8,0.35,4.15,,1800.0,0,0.0,0,0,15.0,0.707111111
Quarter2,sweing,Wednesday,11,0.8,11.41,,3420.0,50,0.0,0,0,58.0,0.800034503
Quarter4,sweing,Sunday,9,0.7,18.79,1717.0,3240.0,30,0.0,0,1,57.0,0.627011183
Quarter1,finishing,Tuesday,1,,3.94,,,0,0.0,0,0,8.0,0.555430556
,sweing,Sunday,7,0.8,25.9,1227.0,7020.0,60,0.0,0,0,56.5,0.850436438
Quarter2,finishing,Tuesday,4,,4.15,,1800.0,0,0.0,0,0,15.0,0.796755556
Quarter2,sweing,Monday,5,0.6,26.82,,,23,0.0,0,1,59.0,0.600040678
,finishing,Sunday,7,0.8,4.6,,3360.0,0,0.0,0,0,8.0,0.350416667
Quarter4,finishing ,Monday,7,0.65,3.94,,1440.0,0,0.0,0,0,8.0,0.646306818
Quarter2,sweing,Wednesday,6,,18.79,656.0,,38,0.0,0,0,34.0,0.800947475
Quarter1,sweing,Thursday,11,0.75,10.05,668.0,2520.0,34,0.0,0,0,26.0,0.7504
Quarter2,sweing,Thursday,4,,28.08,942.0,,75,0.0,0,0,58.5,0.850181818
Quarter5,finishing ,Saturday,3,,3.94,,960.0,0,0.0,0,0,8.0,0.971866667
Quarter2,finishing ,Thursday,1,0.8,3.94,,1440.0,0,0.0,0,0,8.0,0.947689394
Quarter2,sweing,Wednesday,4,0.75,26.82,1054.0,,45,0.0,0,0,59.0,0.750050847
Quarter1,sweing,,4,0.7,26.82,1195.0,,60,0.0,0,0,58.0,0.800746552
Quarter5,finishing ,Thursday,3,0.8,3.94,,960.0,0,0.0,0,0,8.0,0.4925
Quarter1,sweing,Saturday,12,,26.16,844.0,,63,0.0,0,0,59.0,0.800318644
,finishing,Wednesday,8,,4.6,,,0,0.0,0,0,8.0,0.658541667
Quarter3,finishing,Sunday,12,0.8,4.08,,1080.0,0,0.0,0,0,9.0,0.876444444
Quarter5,finishing ,,1,0.75,3.94,,1200.0,0,0.0,0,0,10.0,0.853666667
Quarter4,sweing,Wednesday,3,0.75,29.4,1283.0,6960.0,45,0.0,0,2,58.0,0.750206897
Quarter3,sweing,Thursday,7,,25.9,1281.0,10170.0,60,0.0,0,0,56.5,0.850136766
,finishing ,Sunday,9,0.8,3.94,,1440.0,0,0.0,0,0,8.0,0.858143939
Quarter1,finishing ,,6,,2.9,,1800.0,0,0.0,0,0,10.0,0.666515152
Quarter1,finishing,,9,0.75,3.94,,960.0,0,0.0,0,0,8.0,0.755166667
,finishing,Sunday,1,0.8,3.94,,1200.0,0,0.0,0,0,10.0,0.893066667
,sweing,,12,0.8,15.26,894.0,4080.0,50,0.0,0,0,34.0,0.800401961
Quarter1,sweing,,6,0.75,20.2,,,45,0.0,0,0,33.0,0.750212553
Quarter1,finishing ,,4,0.8,3.94,,,0,0.0,0,0,18.0,0.827186544
Quarter2,finishing,,8,0.65,3.9,,0.0,960,0.0,0,0,8.0,0.2640625
Quarter5,sweing,Saturday,4,,22.52,1432.0,6660.0,88,0.0,0,0,57.5,0.900537069
Quarter5,finishing ,Saturday,6,0.6,3.94,,1200.0,0,0.0,0,0,10.0,0.971866667
Quarter1,finishing ,Saturday,8,0.8,2.9,,960.0,0,0.0,0,0,8.0,0.628333333
Quarter1,sweing,Sunday,1,,26.16,1033.0,7080.0,63,0.0,0,0,59.0,0.800318644
Quarter2,finishing,Tuesday,9,,3.94,,960.0,0,0.0,0,0,8.0,0.6895
Quarter2,sweing,Tuesday,6,,11.61,1004.0,5670.0,50,0.0,0,0,31.5,0.800246753
Quarter4,sweing,,8,0.7,29.4,1094.0,,40,0.0,0,2,57.0,0.700614035
Quarter1,finishing,,10,0.7,2.9,,3360.0,0,0.0,0,0,8.0,0.463194444
,finishing,,11,0.8,2.9,,,0,0.0,0,0,8.0,0.657083333
Quarter2,sweing,Tuesday,7,,30.1,,6960.0,23,0.0,0,1,58.0,0.500801724
Quarter1,finishing,,12,0.8,4.6,,3780.0,0,0.0,0,0,9.0,0.607654321
Quarter2,sweing,Tuesday,3,0.8,42.27,465.0,,54,0.0,0,0,55.0,0.705576584
Quarter4,finishing,Sunday,9,,3.94,,2400.0,0,0.0,0,0,10.0,0.753525
,sweing,,1,,22.53,762.0,5040.0,0,0.0,0,1,42.0,0.581130952
,sweing,Wednesday,9,0.8,26.16,1232.0,,75,0.0,0,0,59.0,0.850502311
,sweing,Saturday,11,,11.61,954.0,0.0,50,0.0,0,2,58.0,0.800779018
,finishing,,9,0.75,2.9,,960.0,0,0.0,0,0,8.0,0.83375
Quarter4,sweing,Wednesday,6,0.75,18.79,,3960.0,45,0.0,0,1,33.0,0.75065101
,sweing,,6,0.6,23.41,1266.0,2520.0,23,0.0,0,1,38.0,0.601037091
Quarter4,sweing,,10,0.75,22.52,1413.0,,69,0.0,0,0,56.0,0.800020563
Quarter2,sweing,Tuesday,5,0.75,30.1,855.0,7020.0,45,0.0,0,0,58.0,0.750356125
,sweing,,10,0.7,21.25,,6000.0,0,0.0,0,1,50.0,0.417916667
Quarter2,finishing,Tuesday,8,0.65,3.9,,960.0,0,0.0,0,0,8.0,0.560625
Quarter3,sweing,Thursday,10,0.7,19.68,1410.0,5760.0,0,0.0,0,1,48.0,0.249416667
,sweing,Monday,4,,30.1,891.0,7140.0,38,0.0,0,1,59.0,0.800137255
Quarter2,sweing,,5,0.7,30.1,754.0,7020.0,0,0.0,0,0,58.5,0.700618234
Quarter3,sweing,Tuesday,3,,30.1,1422.0,,50,0.0,0,1,58.0,0.700603448
Quarter1,sweing,Saturday,6,,23.41,,2280.0,0,0.0,0,1,39.0,0.500528095
,finishing,Wednesday,8,0.8,4.6,,960.0,0,0.0,0,0,8.0,0.930416667
Quarter2,finishing,Wednesday,1,0.8,3.94,,1440.0,0,0.0,0,0,12.0,0.618361111
Quarter1,sweing,Monday,9,0.75,29.12,8992.0,6960.0,55,0.0,0,0,58.0,0.799963218
Quarter1,sweing,Saturday,7,,24.26,658.0,6960.0,0,270.0,45,0,58.0,0.662270115
Quarter4,finishing ,,8,,2.9,,4800.0,0,0.0,0,0,8.0,0.397743056
Quarter1,sweing,Thursday,11,0.8,11.41,455.0,3420.0,50,0.0,0,0,56.0,0.800701754
,sweing,Tuesday,4,0.5,22.4,,10170.0,23,0.0,0,0,56.5,0.500380799
Quarter4,sweing,,6,,18.79,,,45,0.0,0,0,33.0,0.75065101
Quarter2,sweing,,2,0.7,16.1,,5400.0,40,0.0,0,1,45.0,0.700051852
Quarter1,sweing,Wednesday,6,,18.79,,,30,0.0,0,0,33.0,0.700710417
Quarter1,sweing,Saturday,11,,11.41,,3420.0,50,0.0,0,0,58.0,0.800034503
Quarter1,sweing,Wednesday,5,0.7,27.48,,6960.0,40,0.0,0,0,58.0,0.700424138
,sweing,,9,,26.16,1216.0,10620.0,88,0.0,0,0,59.0,0.900215716
,sweing,Saturday,3,0.5,30.1,1261.0,6960.0,30,0.0,0,1,58.0,0.500801724
Quarter3,finishing,Monday,4,0.75,4.15,,1800.0,0,0.0,0,0,15.0,0.722333333
Quarter1,finishing,Tuesday,8,0.75,4.6,,3360.0,0,0.0,0,0,8.0,0.702777778
Quarter4,sweing,Thursday,11,0.8,11.61,,,50,0.0,0,2,57.0,0.800516667
,sweing,Wednesday,10,,22.52,598.0,,75,0.0,0,0,56.0,0.850364583
Quarter4,sweing,Wednesday,9,,29.12,,6960.0,63,0.0,0,0,58.0,0.750593103
Quarter4,sweing,Sunday,7,,30.1,627.0,6960.0,0,3.5,20,1,58.0,0.393548851
Quarter4,sweing,,5,,20.79,,6960.0,30,0.0,0,0,58.0,0.500035345
Quarter4,sweing,Tuesday,1,,22.94,1871.0,6960.0,55,0.0,0,0,58.0,0.800263218
,finishing,Saturday,7,0.8,4.6,,6000.0,0,0.0,0,0,25.0,0.825444444
Quarter4,finishing ,Wednesday,12,,4.08,,1080.0,0,0.0,0,0,9.0,0.755555556
Quarter1,sweing,Saturday,7,,25.9,1138.0,6720.0,38,0.0,0,0,56.0,0.800125
Quarter1,sweing,Wednesday,4,0.8,28.08,990.0,10350.0,50,0.0,0,0,57.5,0.800594466
Quarter3,finishing ,,2,0.8,3.94,,1800.0,0,0.0,0,0,10.0,0.980909091
,sweing,Sunday,7,0.7,30.1,881.0,7080.0,0,0.0,0,1,59.0,0.700632768
Quarter1,sweing,Sunday,11,0.7,20.1,1192.0,6120.0,75,0.0,0,0,54.0,0.700508929
,sweing,Sunday,9,0.75,18.79,895.0,,34,0.0,0,0,52.0,0.750395513
Quarter1,sweing,Sunday,1,0.6,26.66,1578.0,6840.0,38,0.0,0,0,57.0,0.700019883
Quarter4,sweing,Wednesday,9,,18.79,,,56,0.0,0,1,52.0,0.970816667
Quarter1,finishing ,,11,0.75,4.15,,,0,0.0,0,0,8.0,0.345833333
Quarter3,sweing,Wednesday,9,0.8,54.56,757.0,4140.0,29,0.0,0,0,58.0,0.520237649
Quarter1,sweing,,8,,25.9,1083.0,10170.0,38,0.0,0,0,56.5,0.800128721
Quarter2,finishing,Monday,10,0.7,2.9,,,960,0.0,0,0,8.0,0.477291667
,finishing ,Saturday,1,0.7,3.94,,1440.0,0,0.0,0,0,8.0,0.578314394
Quarter4,sweing,Saturday,9,,29.12,925.0,6660.0,23,0.0,0,0,58.0,0.600125217
Quarter3,sweing,,8,0.7,29.4,1116.0,6240.0,0,0.0,0,2,57.0,0.7
,finishing,Thursday,5,0.7,4.15,,,0,0.0,0,0,2.0,0.58
Quarter1,sweing,Tuesday,1,0.8,26.16,1187.0,10620.0,75,0.0,0,0,59.0,0.850502311
Quarter3,finishing,,12,0.8,4.08,,1080.0,0,0.0,0,0,9.0,0.891555556
Quarter3,sweing,Thursday,4,0.65,22.52,872.0,10080.0,26,0.0,0,0,56.0,0.650130952
Quarter1,sweing,Saturday,2,,19.87,,6600.0,45,0.0,0,0,55.0,0.75024303
Quarter1,finishing ,Saturday,7,0.8,3.94,,,0,0.0,0,0,8.0,0.6253125
,sweing,Monday,9,,18.79,935.0,6240.0,45,0.0,0,0,52.0,0.750395513
Quarter5,finishing ,,1,0.75,3.94,,,0,0.0,0,0,15.0,0.971866667
Quarter1,sweing,Saturday,10,0.8,22.52,,6720.0,88,0.0,0,0,56.0,0.900129762
Quarter4,sweing,Thursday,6,,11.61,955.0,6360.0,63,0.0,0,0,32.0,0.800191989
Quarter2,sweing,,10,,21.82,,6000.0,30,0.0,0,0,50.0,0.700422
Quarter1,sweing,,2,0.8,28.08,,,50,0.0,0,0,55.5,0.800237838
Quarter4,finishing ,,2,0.75,3.94,,1440.0,0,0.0,0,0,8.0,0.578314394
Quarter2,sweing,Wednesday,7,0.8,25.9,1150.0,,70,0.0,0,0,56.5,0.900144811
Quarter1,finishing ,,7,,2.9,,,0,0.0,0,0,8.0,0.804640152
Quarter4,finishing ,,1,,3.94,,1200.0,0,0.0,0,0,10.0,0.9456
,sweing,Tuesday,2,0.5,30.33,838.0,6720.0,0,0.0,0,1,56.0,0.361071429
,sweing,,1,,22.52,265.0,3840.0,63,0.0,0,0,57.0,0.800470513
Quarter1,sweing,Wednesday,10,0.7,21.82,1334.0,5760.0,30,0.0,0,0,53.0,0.700058333
,finishing ,Sunday,7,0.8,2.9,,1440.0,0,0.0,0,0,8.0,0.590435606
Quarter3,sweing,,6,0.8,11.41,1028.0,,50,0.0,0,0,31.0,0.800358775
Quarter4,sweing,,5,,30.1,,7140.0,50,0.0,0,0,60.0,0.800137255
,sweing,Monday,11,0.75,11.41,,,0,0.0,0,2,58.0,0.750293939
,finishing ,,10,,3.94,,,0,0.0,0,0,8.0,0.235795455
Quarter4,finishing,Monday,9,,2.9,,960.0,0,0.0,0,0,8.0,0.3715625
Quarter1,sweing,,10,0.8,22.52,21540.0,6720.0,88,0.0,0,0,56.0,0.900129762
Quarter4,finishing ,Monday,2,0.75,3.94,,1800.0,0,0.0,0,0,10.0,0.910378788
,finishing,Wednesday,2,0.5,3.9,,960.0,0,0.0,0,0,8.0,0.5403125
Quarter4,finishing ,Wednesday,7,,3.94,,,0,0.0,0,0,8.0,0.406354167
,sweing,Wednesday,4,,30.1,287.0,,23,150.0,15,0,55.5,0.350706422
Quarter2,sweing,,12,,15.26,,,63,0.0,0,0,34.0,0.800401961
Quarter4,finishing,,9,0.7,2.9,,1800.0,0,0.0,0,0,15.0,0.726933333
Quarter4,sweing,Wednesday,5,,30.1,,1200.0,49,0.0,0,1,59.0,0.598792339
,sweing,Monday,5,,30.1,,7020.0,40,0.0,0,0,58.0,0.700618234
,sweing,Wednesday,4,0.8,30.1,323.0,4080.0,50,0.0,0,1,59.0,0.800808642
,finishing ,Tuesday,7,0.8,2.9,,,0,0.0,0,0,8.0,0.61625
Quarter2,finishing,,4,,3.94,,0.0,960,0.0,0,0,8.0,0.7953875
Quarter4,sweing,Saturday,10,,22.52,1332.0,10080.0,69,0.0,0,0,56.0,0.80062987
,finishing ,Saturday,2,0.8,4.15,,,0,0.0,0,0,8.0,0.782447917
,sweing,Monday,7,,30.1,784.0,600.0,30,0.0,0,1,59.0,0.700459889
Quarter2,finishing,Sunday,9,0.8,3.94,,960.0,0,0.0,0,0,8.0,0.607416667
,sweing,Tuesday,12,,15.26,,,38,0.0,0,0,34.0,0.800401961
,sweing,Sunday,9,0.65,29.12,,10440.0,26,0.0,0,0,58.0,0.650407524
Quarter3,sweing,Wednesday,8,0.8,25.9,,,38,0.0,0,0,56.5,0.800436542
Quarter5,finishing ,,10,0.8,3.94,,1200.0,0,0.0,0,0,10.0,0.85695
,finishing,Tuesday,1,0.75,3.94,,960.0,0,0.0,0,0,8.0,0.880754167
,finishing ,Sunday,2,0.8,3.94,,,0,0.0,0,0,8.0,0.792104167
Quarter3,finishing,Tuesday,12,0.8,5.13,,1080.0,0,0.0,0,0,9.0,0.9025
,sweing,,7,0.8,25.9,970.0,10170.0,60,0.0,0,0,56.5,0.850136766
Quarter2,finishing ,,8,,2.9,,1440.0,0,0.0,0,0,8.0,0.653598485
,sweing,Monday,12,0.8,15.26,,4080.0,63,0.0,0,0,34.0,0.800401961
Quarter1,sweing,Tuesday,3,,19.87,,9900.0,50,0.0,0,0,55.0,0.800273829
,finishing ,Tuesday,9,0.8,3.94,,,0,0.0,0,0,10.0,0.72830303
Quarter2,sweing,Saturday,12,0.8,11.61,893.0,4710.0,50,0.0,0,0,31.5,0.800346445
,finishing ,,9,0.8,3.94,,1440.0,0,0.0,0,0,8.0,0.858143939
Quarter4,sweing,Monday,10,0.75,22.52,1250.0,,55,0.0,0,0,56.0,0.800020563
,sweing,Sunday,3,0.8,19.87,1043.0,6420.0,0,0.0,0,0,55.0,0.690182815
,finishing ,Monday,11,0.7,4.15,,,0,0.0,0,0,8.0,0.409545455
Quarter3,sweing,Sunday,12,,26.87,585.0,5670.0,56,0.0,0,0,31.5,0.662255892
,sweing,,3,0.7,30.1,1057.0,0.0,40,0.0,0,1,58.0,0.700603448
Quarter2,sweing,Sunday,8,0.6,30.48,,6720.0,0,0.0,0,1,56.0,0.600528571
Quarter5,finishing ,Saturday,9,0.75,3.94,,240.0,0,0.0,0,0,2.0,0.971866667
Quarter2,finishing,Saturday,4,,4.15,,2400.0,0,0.0,0,0,20.0,0.902916667
Quarter3,sweing,,4,0.8,30.1,,7020.0,63,0.0,0,1,58.5,0.800094017
Quarter3,sweing,Saturday,6,0.8,11.41,,,63,0.0,0,0,30.5,0.800343766
,finishing,Tuesday,2,0.8,5.13,,1800.0,0,0.0,0,0,15.0,0.5814
,finishing,Tuesday,9,0.75,2.9,,1800.0,0,0.0,0,0,15.0,0.821666667
Quarter4,sweing,Sunday,12,,15.26,1296.0,6120.0,40,0.0,0,0,34.0,0.70043672
Quarter1,sweing,Tuesday,7,0.7,24.26,,6720.0,0,0.0,0,0,56.0,0.541517857
,finishing ,Thursday,2,0.8,3.94,,,0,0.0,0,0,10.0,0.773333333
Quarter3,sweing,Monday,11,,14.89,1484.0,10260.0,50,0.0,0,0,57.0,0.700170388
,sweing,Thursday,8,,24.26,1167.0,6840.0,0,0.0,0,0,57.0,0.496549708
,sweing,Thursday,5,0.75,30.1,610.0,7080.0,56,0.0,0,0,59.0,0.750799435
Quarter2,sweing,Thursday,3,0.8,19.87,,9900.0,50,0.0,0,0,55.0,0.800273829
Quarter3,sweing,,4,0.7,22.52,825.0,,50,0.0,0,0,56.5,0.7005417
Quarter1,sweing,,8,0.8,25.9,,,45,0.0,0,0,56.5,0.850345133
,sweing,Sunday,6,,18.79,814.0,,0,0.0,0,0,34.0,0.681598039
,finishing,Tuesday,1,0.8,3.94,,,0,0.0,0,0,12.0,0.853666667
Quarter1,finishing ,Tuesday,8,0.8,2.9,,1440.0,0,0.0,0,0,8.0,0.681060606
Quarter2,sweing,Thursday,11,,12.52,287.0,25920.0,38,0.0,0,0,54.0,0.349951389
,sweing,,10,,22.4,715.0,10170.0,23,0.0,0,0,56.5,0.35020649
,sweing,Thursday,2,0.5,22.94,1044.0,9810.0,23,0.0,0,0,54.5,0.499998888
Quarter1,sweing,,12,0.8,15.26,1021.0,4080.0,63,0.0,0,0,34.0,0.800401961
Quarter4,finishing,,12,0.8,5.13,,1080.0,0,0.0,0,0,9.0,0.9025
,sweing,Wednesday,3,0.8,22.52,11.0,6840.0,0,0.0,0,1,57.0,0.536901754
,finishing ,Monday,10,0.8,3.94,,1440.0,0,0.0,0,0,8.0,0.24625
Quarter3,sweing,Wednesday,8,0.65,29.4,,4560.0,0,4.5,30,2,57.0,0.251399254
Quarter4,sweing,Wednesday,12,,15.26,,,45,0.0,0,0,35.0,0.750283333
,sweing,Tuesday,8,,15.09,976.0,240.0,23,0.0,0,0,52.0,0.650307143
Quarter1,finishing ,,9,,3.94,,1440.0,0,0.0,0,0,8.0,0.880530303
Quarter1,finishing ,,4,0.8,3.94,,6600.0,0,0.0,0,0,20.0,0.861679012
,finishing ,Wednesday,3,0.75,4.15,,2700.0,0,0.0,0,0,15.0,0.83
,sweing,Saturday,3,0.8,22.52,1060.0,6840.0,100,0.0,0,0,57.0,0.950185965
Quarter1,finishing,Sunday,2,,3.9,,960.0,0,0.0,0,0,8.0,0.585
,sweing,Sunday,10,0.7,22.52,1002.0,,40,0.0,0,0,56.0,0.700094156
Quarter1,sweing,Thursday,7,0.8,30.1,,,0,4.0,40,0,59.0,0.366053523
Quarter2,sweing,,10,0.8,28.08,,,38,0.0,0,0,58.5,0.8
Quarter5,sweing,Saturday,10,,22.52,1116.0,6720.0,93,0.0,0,0,56.0,0.920236905
,finishing ,Thursday,7,0.8,2.9,,1440.0,0,0.0,0,0,8.0,0.689299242
,sweing,Saturday,12,0.8,15.26,1194.0,,62,0.0,0,0,34.0,0.800260821
Quarter2,sweing,,1,,26.82,1574.0,,75,0.0,0,0,59.0,0.900061017
Quarter2,finishing,Tuesday,12,0.8,4.6,,,0,0.0,0,0,9.0,0.92
,sweing,Tuesday,9,0.8,26.16,,10620.0,63,0.0,0,0,59.0,0.800117103
,finishing ,,2,,3.94,,5100.0,0,0.0,0,0,17.0,0.912202112
,sweing,Tuesday,9,,18.79,1096.0,6240.0,34,0.0,0,0,52.0,0.750395513
,sweing,Monday,9,,18.79,1193.0,6240.0,45,0.0,0,0,52.0,0.750395513
Quarter2,finishing,Thursday,9,,3.94,,960.0,0,0.0,0,0,8.0,0.656666667
Quarter1,finishing ,Saturday,1,0.8,3.94,,960.0,0,0.0,0,0,8.0,0.902916667
Quarter1,sweing,Thursday,9,0.8,29.12,,6960.0,50,0.0,0,0,58.0,0.799963218
,sweing,Saturday,2,0.6,22.94,,6570.0,23,0.0,0,0,56.5,0.77011398
,sweing,Monday,3,,19.87,941.0,,0,0.0,0,0,55.0,0.800273829
Quarter4,finishing ,Sunday,1,0.7,3.94,,,0,0.0,0,0,8.0,0.970075758
Quarter2,sweing,Sunday,4,,26.82,,,65,0.0,0,0,57.0,0.850084211
,finishing,Wednesday,7,0.7,5.13,,,0,0.0,0,0,8.0,0.671875
,finishing ,Thursday,8,0.75,2.9,,,0,0.0,0,0,8.0,0.676666667
,sweing,,9,,26.16,1381.0,,50,0.0,0,0,59.0,0.800015009
,finishing ,,7,0.8,2.9,,,0,0.0,0,0,8.0,0.681060606
Quarter4,finishing,,10,,2.9,,3360.0,0,0.0,0,0,8.0,0.410833333
Quarter1,finishing ,Saturday,4,0.8,4.15,,6600.0,0,0.0,0,0,20.0,0.988024691
Quarter3,sweing,,7,0.75,30.1,444.0,0.0,0,5.0,20,1,59.0,0.611140537
Quarter1,sweing,,7,,24.26,1608.0,,0,0.0,0,0,58.0,0.522844828
,sweing,Monday,12,,15.26,1111.0,6120.0,23,0.0,0,0,34.0,0.35021836
,sweing,Tuesday,6,0.8,11.41,1047.0,,63,0.0,0,0,31.0,0.800261486
,sweing,Tuesday,9,0.75,29.12,,6960.0,34,0.0,0,0,58.0,0.750593103
Quarter4,sweing,,11,0.75,42.97,,10260.0,40,0.0,0,0,57.0,0.59114168
Quarter1,finishing,,9,0.75,2.9,,,0,0.0,0,0,8.0,0.447083333
Quarter1,sweing,Monday,5,,30.1,,,0,0.0,0,0,58.0,0.500801724
,sweing,,5,,20.79,391.0,,0,0.0,0,0,58.0,0.700060345
Quarter1,sweing,Saturday,4,,30.1,,6780.0,30,0.0,0,1,57.0,0.600224189
Quarter1,finishing ,Monday,11,0.8,3.94,,2400.0,0,0.0,0,0,10.0,0.939513889
Quarter2,sweing,Tuesday,6,,23.41,1180.0,4560.0,30,0.0,0,1,38.0,0.700246491
Quarter2,sweing,Thursday,6,,18.79,,3960.0,0,0.0,0,0,33.0,0.688017677
Quarter4,finishing ,,1,,3.94,,15000.0,0,0.0,0,0,25.0,0.649662222
Quarter1,finishing,Monday,4,0.65,3.94,,960.0,0,0.0,0,0,8.0,0.806879167
Quarter4,sweing,,10,0.75,22.52,,10080.0,55,0.0,0,0,56.0,0.800020563
Quarter2,sweing,,1,0.8,26.16,1335.0,10620.0,63,0.0,0,0,59.0,0.800117103
Quarter1,sweing,,8,,26.16,,7080.0,98,0.0,0,0,59.0,0.940725424
,sweing,Tuesday,11,0.8,11.41,338.0,3420.0,50,0.0,0,0,58.0,0.800034503
Quarter2,sweing,Monday,12,0.8,11.61,,,50,0.0,0,0,31.5,0.80007657
,sweing,Sunday,12,0.8,15.26,1106.0,4080.0,63,0.0,0,0,34.0,0.800401961
Quarter2,finishing,Wednesday,1,0.75,3.94,,1920.0,0,0.0,0,0,8.0,0.812625
,sweing,Tuesday,11,,10.05,13.0,3240.0,34,0.0,0,0,54.0,0.750648148
Quarter3,sweing,,4,0.75,30.1,849.0,7020.0,45,0.0,0,1,58.0,0.750356125
Quarter1,finishing,,3,,4.6,,1800.0,0,0.0,0,0,15.0,0.810111111
,finishing ,,3,0.75,4.15,,1440.0,0,0.0,0,0,8.0,0.93532197
Quarter5,sweing,,9,,29.12,1170.0,6960.0,53,0.0,0,0,58.0,0.850170115
Quarter2,finishing,Tuesday,11,0.8,2.9,,,0,0.0,0,0,8.0,0.758229167
,sweing,Wednesday,12,,15.26,,,63,0.0,0,0,34.0,0.800401961
Quarter4,sweing,Wednesday,7,,30.1,786.0,7080.0,50,0.0,0,2,59.0,0.800115819
Quarter1,sweing,,9,,29.12,829.0,,50,0.0,0,0,58.0,0.799963218
,sweing,Monday,4,,22.52,930.0,10260.0,63,0.0,0,0,57.0,0.750068049
,sweing,Saturday,12,,15.26,1209.0,,45,0.0,0,0,35.0,0.750646667
,sweing,Thursday,4,0.7,30.1,419.0,7080.0,0,0.0,0,1,59.0,0.637711864
Quarter3,sweing,Sunday,6,0.8,11.41,1140.0,5490.0,63,0.0,0,0,30.5,0.800343766
Quarter2,sweing,Saturday,11,,12.52,749.0,9540.0,38,0.0,0,0,53.0,0.673245283
Quarter4,finishing ,Thursday,7,,3.94,,6000.0,0,0.0,0,0,10.0,0.957638889
Quarter4,sweing,Saturday,3,0.75,29.4,1144.0,4440.0,45,0.0,0,2,57.0,0.750716981
Quarter1,finishing,,9,0.8,3.94,,,0,0.0,0,0,8.0,0.771583333
,sweing,Monday,7,0.8,30.1,616.0,,0,0.0,0,0,59.0,0.800115819
Quarter2,sweing,Tuesday,1,0.8,26.16,1073.0,,75,0.0,0,0,59.0,0.850502311
Quarter1,finishing ,Sunday,10,0.8,3.94,,1200.0,0,0.0,0,0,10.0,0.8865
Quarter2,finishing,,9,0.75,2.9,,,0,0.0,0,0,9.0,0.929074074
Quarter2,sweing,Monday,11,,12.52,,,44,0.0,0,0,53.0,0.64998056
,sweing,Monday,6,0.65,23.41,1262.0,,35,0.0,0,1,38.0,0.650962281
Quarter1,sweing,Saturday,11,,10.05,677.0,3240.0,45,0.0,0,0,27.0,0.750027778
,sweing,Saturday,3,0.8,28.08,913.0,,50,0.0,0,0,54.5,0.800322936
Quarter4,sweing,Thursday,1,0.35,26.66,1164.0,6600.0,23,0.0,0,2,55.0,0.378895152
,sweing,Thursday,4,0.65,23.69,861.0,7200.0,0,0.0,0,0,60.0,0.52118
Quarter1,sweing,Monday,8,,29.4,,6840.0,45,0.0,0,0,57.0,0.750473684
,sweing,Sunday,4,0.8,50.48,562.0,10440.0,0,0.0,0,0,58.0,0.473134796
Quarter3,sweing,,12,,11.61,1039.0,5670.0,63,0.0,0,0,31.5,0.800246753
Quarter2,finishing ,,4,,3.94,,12600.0,0,0.0,0,0,20.0,0.919905405
Quarter2,sweing,Tuesday,3,,30.1,756.0,6960.0,63,0.0,0,1,58.0,0.800071839
,sweing,Monday,1,0.7,22.94,1745.0,,60,0.0,0,0,58.0,0.800023511
,sweing,Sunday,6,0.75,18.79,1055.0,3960.0,45,0.0,0,0,33.0,0.75065101
,finishing ,Wednesday,5,,4.15,,,0,0.0,0,0,8.0,0.330113636
,finishing ,,4,,4.3,,1440.0,0,0.0,0,0,12.0,0.722638889
,sweing,Wednesday,5,0.7,20.79,965.0,,0,0.0,0,0,58.0,0.700095563
Quarter2,finishing,,2,,3.9,,1200.0,0,0.0,0,0,10.0,0.884
Quarter3,sweing,Wednesday,12,0.6,15.26,1245.0,6360.0,23,0.0,0,0,34.0,0.60017284
Quarter2,finishing,,8,0.35,4.15,,1440.0,0,0.0,0,0,12.0,0.994375
Quarter4,sweing,,2,0.75,22.94,,,55,0.0,0,0,57.0,0.800034024
,sweing,Tuesday,4,0.7,22.52,,10260.0,63,0.0,0,0,57.0,0.750068049
Quarter1,finishing,,7,0.7,3.94,,,0,0.0,0,0,10.0,0.715766667
,sweing,,8,,25.9,,10170.0,50,0.0,0,0,56.5,0.800128721
Quarter5,finishing ,,5,0.7,3.94,,,0,0.0,0,0,2.0,0.971866667
Quarter3,finishing,Wednesday,6,0.8,2.9,,1440.0,0,0.0,0,0,12.0,0.936861111
Quarter4,finishing,Sunday,7,,5.13,,,0,0.0,0,0,8.0,0.283958333
Quarter1,finishing ,,7,,3.94,,960.0,0,0.0,0,0,8.0,0.676666667
Quarter4,sweing,Saturday,2,0.7,30.33,,,0,0.0,0,1,58.0,0.700211111
Quarter1,finishing,Thursday,9,0.75,2.9,,960.0,0,0.0,0,0,8.0,0.453125
,sweing,Monday,4,0.8,28.08,759.0,,50,0.0,0,0,57.5,0.800076522
Quarter3,finishing,Thursday,10,0.8,3.94,,,0,0.0,0,0,10.0,0.733277778
Quarter3,finishing,Monday,7,,4.15,,1800.0,0,0.0,0,0,15.0,0.258
,sweing,Sunday,4,0.75,22.52,867.0,10260.0,94,0.0,0,0,57.0,0.900321106
,sweing,Sunday,5,0.6,20.79,,7980.0,0,0.0,0,0,57.0,0.452979626
Quarter1,sweing,,10,0.8,22.52,1039.0,,113,0.0,0,0,56.0,0.999995238
Quarter1,finishing ,Sunday,9,0.8,3.94,,960.0,0,0.0,0,0,8.0,0.931645833
Quarter5,sweing,Saturday,1,0.75,22.94,1502.0,6960.0,81,0.0,0,0,58.0,0.850362069
Quarter1,sweing,,9,,18.79,1226.0,3480.0,45,0.0,0,0,51.0,0.749987124
Quarter3,finishing ,Saturday,6,0.8,2.9,,900.0,0,0.0,0,0,5.0,0.465757576
,sweing,Wednesday,11,0.7,14.89,,,50,0.0,0,0,57.0,0.700170388
Quarter4,sweing,,4,0.8,22.52,,10170.0,60,0.0,0,0,56.5,0.850312684
,sweing,Monday,3,0.7,29.4,1228.0,6960.0,30,0.0,0,2,58.0,0.700362069
Quarter3,sweing,,10,,18.22,741.0,0.0,0,8.0,35,1,49.0,0.302117347
Quarter1,sweing,Monday,1,0.8,26.16,1138.0,7080.0,63,0.0,0,0,59.0,0.800318644
,finishing ,,11,0.6,2.9,,960.0,0,0.0,0,0,8.0,0.864583333
Quarter5,finishing ,Saturday,12,0.75,4.08,,1080.0,0,0.0,0,0,9.0,0.971866667
Quarter3,finishing,,4,0.75,5.13,,960.0,0,0.0,0,0,8.0,0.656666667
Quarter3,sweing,,5,,30.1,,0.0,0,0.0,0,0,59.0,0.800980392
Quarter3,sweing,,2,0.7,22.94,,,38,0.0,0,0,56.5,0.750517565
Quarter4,finishing ,Monday,12,0.7,4.08,,1620.0,0,0.0,0,0,9.0,0.769292929
,sweing,Sunday,12,0.8,15.26,1026.0,,63,0.0,0,0,34.0,0.800355208
,sweing,Sunday,10,0.7,21.25,1531.0,6000.0,0,0.0,0,1,50.0,0.456875
Quarter2,finishing,Wednesday,4,0.75,3.94,,,0,0.0,0,0,8.0,0.813309028
Quarter1,sweing,,4,0.7,23.69,544.0,13800.0,0,0.0,0,0,60.0,0.700134038
,finishing,Wednesday,12,0.8,4.6,,1080.0,0,0.0,0,0,9.0,0.885925926
,finishing ,Tuesday,4,0.35,4.3,,2160.0,0,0.0,0,0,12.0,0.952020202
Quarter1,sweing,,8,0.6,24.26,,,0,0.0,0,0,55.0,0.466821212
Quarter1,sweing,Sunday,5,,45.67,884.0,,26,0.0,0,0,58.0,0.603432184
,finishing ,,11,0.8,4.15,,900.0,0,0.0,0,0,5.0,0.515606061
,finishing ,Sunday,2,0.75,3.94,,1440.0,0,0.0,0,0,8.0,0.970075758
,sweing,Saturday,1,0.7,26.82,,8160.0,70,0.0,0,0,58.0,0.850045
Quarter3,sweing,Sunday,5,0.6,20.4,1031.0,,30,0.0,0,0,58.0,0.600062696
Quarter1,sweing,,6,0.75,18.79,,2880.0,34,0.0,0,0,33.0,0.750797009
Quarter1,finishing,Tuesday,3,0.8,4.6,,6300.0,0,0.0,0,0,15.0,0.902962963
Quarter3,sweing,,5,0.8,30.1,680.0,7140.0,0,0.0,0,0,59.0,0.653431373
Quarter1,finishing ,Sunday,6,,2.9,,1200.0,0,0.0,0,0,10.0,0.314166667
Quarter2,finishing ,Sunday,10,0.8,3.94,,1440.0,0,0.0,0,0,8.0,0.828295455
Quarter1,sweing,,12,,11.41,968.0,3660.0,50,0.0,0,0,30.5,0.800570492
,finishing ,,11,0.7,4.15,,2700.0,0,0.0,0,0,15.0,0.362666667
Quarter1,sweing,Tuesday,7,0.8,30.1,29.0,7080.0,50,0.0,0,0,59.0,0.800115819
Quarter2,finishing,,5,0.6,3.94,,0.0,2880,0.0,0,0,12.0,0.864342593
Quarter2,finishing ,Saturday,8,0.8,2.9,,1440.0,0,0.0,0,0,8.0,0.628882576
Quarter1,finishing,Tuesday,7,,4.6,,4200.0,0,0.0,0,0,10.0,0.999533333
Quarter1,finishing,Saturday,12,0.8,4.08,,,0,0.0,0,0,9.0,0.899111111
Quarter1,sweing,,7,,25.9,1035.0,10170.0,38,0.0,0,0,56.5,0.800128721
Quarter2,sweing,Wednesday,5,0.7,26.82,992.0,,30,0.0,0,1,58.0,0.700556897
Quarter1,sweing,Wednesday,10,0.8,22.52,,6720.0,113,0.0,0,0,56.0,0.999995238
Quarter4,finishing ,,3,0.7,3.94,,12000.0,0,0.0,0,0,20.0,0.460578704
Quarter4,sweing,Tuesday,10,0.7,21.25,1834.0,6360.0,0,0.0,0,1,53.0,0.471108491
Quarter2,sweing,,3,,22.52,,0.0,88,0.0,0,0,57.0,0.90047076
Quarter1,finishing,,3,0.8,4.6,,10500.0,0,0.0,0,0,25.0,0.936355556
Quarter2,finishing ,Tuesday,10,,3.94,,5400.0,0,0.0,0,0,20.0,0.912766667
,sweing,,8,0.7,29.4,1079.0,4560.0,40,0.0,0,2,58.0,0.700518519
Quarter1,finishing ,Tuesday,4,0.8,3.94,,4440.0,0,0.0,0,0,18.0,0.966781346
Quarter4,sweing,Tuesday,6,0.8,30.4,338.0,3840.0,34,0.0,0,0,32.0,0.622828125
Quarter1,sweing,,12,,15.26,1094.0,4080.0,38,0.0,0,0,34.0,0.800401961
Quarter1,finishing ,Sunday,4,0.8,4.3,,1440.0,0,0.0,0,0,12.0,0.845069444
,finishing,Wednesday,4,0.7,3.94,,,0,0.0,0,0,8.0,0.806058333
,finishing ,Tuesday,6,0.7,2.9,,960.0,0,0.0,0,0,8.0,0.495416667
,finishing,Monday,9,0.75,2.9,,0.0,3600,0.0,0,0,15.0,0.841
Quarter5,finishing ,Saturday,10,0.8,3.94,,1200.0,0,0.0,0,0,10.0,0.971866667
,sweing,,9,,18.79,2103.0,5400.0,0,0.0,0,1,54.0,0.329964879
,finishing,,8,0.75,4.6,,,0,0.0,0,0,8.0,0.376597222
,sweing,Tuesday,11,0.5,48.18,,6480.0,23,0.0,0,0,54.0,0.37046657
,sweing,Thursday,1,0.75,28.08,,6900.0,45,0.0,0,0,57.5,0.750427826
Quarter2,sweing,Sunday,3,,22.52,1283.0,6720.0,88,0.0,0,0,56.0,0.900129762
Quarter1,finishing,Thursday,2,0.6,3.9,,960.0,0,0.0,0,0,8.0,0.950625
,sweing,Sunday,4,,22.52,1472.0,7020.0,60,0.0,0,0,58.5,0.85011396
,finishing ,Saturday,12,0.7,4.08,,1620.0,0,0.0,0,0,9.0,0.858585859
,finishing,Wednesday,11,0.8,2.9,,2400.0,0,0.0,0,0,10.0,0.874027778
Quarter1,sweing,Wednesday,11,0.8,11.41,433.0,0.0,38,0.0,0,0,56.0,0.800701754
,finishing,Monday,5,,4.15,,1200.0,0,0.0,0,0,10.0,0.629416667
Quarter1,finishing,Saturday,6,,2.9,,,0,0.0,0,0,8.0,0.845833333
Quarter1,sweing,Saturday,8,,24.26,652.0,6840.0,0,300.0,37,0,57.0,0.365318713
Quarter3,finishing ,Wednesday,9,,3.94,,,0,0.0,0,0,8.0,0.827147436
Quarter2,sweing,Monday,2,,28.08,737.0,,63,0.0,0,0,58.5,0.8
,sweing,,10,0.8,22.52,1188.0,6720.0,90,0.0,0,0,56.0,0.999995238
Quarter2,finishing ,Wednesday,8,0.8,2.9,,1440.0,0,0.0,0,0,8.0,0.667329545
Quarter1,sweing,Thursday,3,0.8,22.52,1063.0,,100,0.0,0,0,57.0,0.950185965
Quarter2,sweing,Wednesday,9,0.8,29.12,,,50,0.0,0,0,58.0,0.800144144
Quarter2,sweing,,2,0.8,28.08,749.0,,63,0.0,0,0,57.5,0.800594466
,sweing,,3,0.8,30.1,,5160.0,50,0.0,0,1,58.0,0.800842424
Quarter2,sweing,,4,0.6,22.4,816.0,5100.0,23,0.0,0,0,57.0,0.600369686
Quarter4,sweing,Tuesday,4,0.8,22.52,,6780.0,60,0.0,0,0,56.5,0.850312684
Quarter1,sweing,Wednesday,7,0.8,30.1,874.0,3960.0,50,0.0,0,0,59.0,0.800055762
,finishing ,Saturday,11,0.75,2.9,,5640.0,0,0.0,0,0,17.0,0.987880435
,sweing,Sunday,3,0.65,22.52,,10170.0,35,0.0,0,0,56.5,0.650416734
Quarter5,finishing ,,7,0.7,3.94,,1200.0,0,0.0,0,0,10.0,0.971866667
Quarter4,sweing,,11,,11.41,834.0,3480.0,0,0.0,0,2,58.0,0.672140805
,sweing,Thursday,11,0.7,14.89,1863.0,10260.0,50,0.0,0,0,57.0,0.700170388
Quarter4,finishing ,Tuesday,2,,3.94,,,0,0.0,0,0,10.0,0.788
Quarter1,sweing,,11,,10.05,,,60,0.0,0,0,53.0,0.700278846
Quarter3,sweing,Sunday,11,0.65,14.89,1140.0,,44,0.0,0,0,57.0,0.650299575
Quarter5,sweing,Thursday,4,0.8,22.52,1444.0,6900.0,88,0.0,0,0,57.5,0.9008
Quarter4,sweing,,12,,15.26,1053.0,4080.0,50,0.0,0,0,34.0,0.800401961
Quarter4,finishing,Sunday,3,,5.13,,1800.0,0,0.0,0,0,15.0,0.8721
,finishing ,,10,0.65,3.94,,,0,0.0,0,0,8.0,0.705916667
Quarter1,sweing,Saturday,5,,27.48,,,24,0.0,0,1,58.0,0.408960345
Quarter1,sweing,Sunday,7,0.8,30.1,934.0,6960.0,0,3.5,15,0,58.0,0.579511494
Quarter2,finishing,Tuesday,10,0.7,2.9,,960.0,0,0.0,0,0,8.0,0.39875
Quarter4,sweing,Thursday,1,0.7,22.94,1384.0,12180.0,63,0.0,0,0,57.0,0.750162367
,sweing,Wednesday,7,0.75,30.1,,,45,0.0,0,1,59.0,0.75053268
Quarter2,finishing ,,2,0.8,3.94,,,0,0.0,0,0,8.0,0.835757576
Quarter2,finishing ,,11,0.8,4.15,,1440.0,0,0.0,0,0,8.0,0.668087121
,sweing,Tuesday,8,,29.4,179.0,0.0,23,5.0,30,2,58.0,0.600982906
,finishing,,6,0.8,2.9,,,0,0.0,0,0,18.0,0.785864198
,finishing ,,5,0.7,4.15,,9000.0,0,0.0,0,0,15.0,0.742901235
Quarter1,sweing,,9,,29.12,1282.0,6960.0,45,0.0,0,0,58.0,0.750593103
Quarter4,finishing,Sunday,10,0.8,3.94,,960.0,0,0.0,0,0,8.0,0.385791667
Quarter4,sweing,,3,0.75,29.4,,6840.0,45,0.0,0,2,57.0,0.750473684
,finishing ,Saturday,7,,2.9,,,0,0.0,0,0,8.0,0.661837121
Quarter1,sweing,,12,,15.26,959.0,4080.0,50,0.0,0,0,34.0,0.800401961
Quarter4,finishing ,,6,,2.9,,4800.0,0,0.0,0,0,8.0,0.626822917
,sweing,Wednesday,1,,26.16,,10620.0,63,0.0,0,0,59.0,0.800117103
,sweing,Sunday,12,,15.26,1120.0,1440.0,50,0.0,0,0,34.0,0.800806306
Quarter2,sweing,Sunday,11,0.6,12.52,831.0,,30,0.0,0,0,53.0,0.600229846
Quarter2,sweing,Sunday,9,0.75,18.79,1239.0,5640.0,45,0.0,0,0,52.0,0.750371895
Quarter1,sweing,Wednesday,5,0.65,30.1,,,0,90.0,10,0,58.5,0.650834808
Quarter4,sweing,,4,,26.66,,,23,0.0,0,2,58.0,0.500258046
,sweing,,1,0.8,26.16,1160.0,,75,0.0,0,0,59.0,0.850502311
Quarter4,finishing ,,10,0.75,3.94,,,0,0.0,0,0,21.0,0.997792208
,finishing ,Wednesday,12,,4.08,,1080.0,0,0.0,0,0,9.0,0.687555556
Quarter2,finishing ,Thursday,3,0.75,4.15,,,0,0.0,0,0,12.0,0.712626263
Quarter1,sweing,Tuesday,10,0.75,28.08,1209.0,10530.0,45,0.0,0,0,58.5,0.750545455
Quarter2,finishing,Monday,1,0.75,3.94,,,960,0.0,0,0,8.0,0.794566667
,finishing ,Wednesday,9,0.8,3.94,,,0,0.0,0,0,8.0,0.858143939
,sweing,,3,0.8,29.4,983.0,,63,0.0,0,1,57.0,0.800578947
Quarter1,sweing,Tuesday,6,,18.79,913.0,4020.0,30,0.0,0,0,33.5,0.700184577
Quarter1,finishing,,12,,4.08,,1080.0,0,0.0,0,0,9.0,0.906666667
Quarter4,finishing ,,10,0.8,3.94,,,0,0.0,0,0,10.0,0.840533333
Quarter1,finishing,,6,0.7,2.9,,960.0,0,0.0,0,0,8.0,0.9425
Quarter1,finishing,,7,,3.94,,960.0,0,0.0,0,0,8.0,0.779791667
Quarter4,sweing,Thursday,4,0.8,30.1,437.0,7080.0,32,0.0,0,2,59.0,0.495617514
Quarter2,finishing,Tuesday,6,0.75,2.9,,,0,0.0,0,0,8.0,0.628333333
Quarter2,sweing,Saturday,3,0.75,19.87,1075.0,,45,0.0,0,0,56.0,0.750098351
Quarter5,finishing ,Thursday,4,0.8,4.3,,1200.0,0,0.0,0,0,10.0,0.989
Quarter2,finishing,,9,0.8,3.94,,,0,0.0,0,0,8.0,0.697708333
Quarter4,sweing,Tuesday,12,0.7,15.26,,4080.0,40,0.0,0,0,34.0,0.700164706
,sweing,,3,0.8,29.4,1156.0,6840.0,50,0.0,0,0,57.0,0.800333333
,sweing,,1,,26.82,1373.0,6960.0,50,0.0,0,0,58.0,0.750651724
,finishing,Wednesday,10,,2.9,,1200.0,0,0.0,0,0,10.0,0.845833333
,finishing ,Monday,4,,4.3,,5040.0,0,0.0,0,0,28.0,0.977272727
Quarter2,sweing,,7,0.8,25.9,,,60,0.0,0,0,56.5,0.850136766
Quarter4,sweing,Thursday,6,,18.79,912.0,,45,0.0,0,0,33.0,0.75065101
,finishing,Thursday,2,,3.94,,2640.0,0,0.0,0,0,22.0,0.999924242
Quarter4,sweing,Tuesday,3,0.75,29.4,1172.0,,45,0.0,0,2,60.0,0.750176991
Quarter4,sweing,Monday,2,0.7,30.33,577.0,2160.0,30,0.0,0,1,58.0,0.700623
Quarter4,finishing,Tuesday,2,,3.9,,,0,0.0,0,0,8.0,0.325
,finishing,Sunday,8,0.7,4.15,,960.0,0,0.0,0,0,8.0,0.605208333
,sweing,Monday,2,,16.1,,5520.0,30,0.0,0,1,45.0,0.700516224
Quarter3,sweing,Monday,1,0.5,22.94,1492.0,,30,0.0,0,0,56.5,0.549969429
Quarter3,sweing,,4,,30.1,919.0,7140.0,0,0.0,0,1,59.5,0.598627451
Quarter2,sweing,,10,0.8,28.08,1082.0,10530.0,63,0.0,0,0,58.5,0.8
Quarter1,finishing,Wednesday,8,0.7,4.15,,,0,0.0,0,0,25.0,0.915766667
Quarter3,sweing,Monday,5,0.65,20.4,1255.0,8280.0,35,0.0,0,0,58.0,0.650066445
Quarter1,sweing,,6,0.8,11.61,539.0,6975.0,50,0.0,0,0,31.0,0.879714482
Quarter2,finishing ,Sunday,1,0.8,3.94,,,0,0.0,0,0,8.0,0.873068182
Quarter2,sweing,Saturday,8,0.8,25.9,1158.0,10170.0,60,0.0,0,0,56.5,0.850136766
,finishing ,,10,0.7,3.94,,4320.0,0,0.0,0,0,18.0,0.759228395
Quarter4,finishing ,Sunday,10,0.75,3.94,,,0,0.0,0,0,19.0,0.955151515
Quarter4,sweing,Saturday,3,0.75,22.52,1266.0,10260.0,69,0.0,0,0,57.0,0.80035194
Quarter3,sweing,Tuesday,5,0.7,20.4,1352.0,10260.0,50,0.0,0,0,57.0,0.700063796
Quarter5,sweing,Thursday,6,,18.79,717.0,,23,0.0,0,0,33.0,0.500117677
Quarter2,sweing,Tuesday,1,0.8,22.52,,0.0,88,0.0,0,0,57.0,0.90047076
Quarter4,sweing,,9,0.7,18.79,1068.0,,30,0.0,0,1,52.0,0.700256795
Quarter1,finishing ,Saturday,10,0.7,4.15,,,0,0.0,0,0,8.0,0.7018125
Quarter1,sweing,Monday,4,0.8,22.52,23122.0,5940.0,50,0.0,0,0,56.5,0.800393224
Quarter4,finishing ,Saturday,3,0.75,3.94,,1440.0,0,0.0,0,0,8.0,0.895454545
Quarter3,sweing,Sunday,8,,25.9,1288.0,10170.0,38,0.0,0,0,56.5,0.800128721
Quarter2,finishing ,Monday,9,0.8,3.94,,,0,0.0,0,0,8.0,0.858143939
Quarter2,finishing,Wednesday,12,,4.6,,2160.0,0,0.0,0,0,9.0,0.922839506
Quarter4,sweing,Sunday,8,0.7,29.4,,6840.0,40,0.0,0,2,57.0,0.700614035
Quarter4,sweing,Thursday,2,0.7,22.94,,10620.0,60,0.0,0,0,57.0,0.800302791
Quarter1,finishing ,Monday,1,,3.94,,1920.0,0,0.0,0,0,8.0,0.961059028
Quarter4,finishing ,,12,0.6,4.08,,5400.0,0,0.0,0,0,9.0,0.327407407
Quarter1,finishing ,,2,0.8,3.94,,1440.0,0,0.0,0,0,8.0,0.813371212
Quarter3,finishing ,Monday,8,0.8,2.9,,,0,0.0,0,0,8.0,0.683806818
,finishing,Sunday,6,0.75,2.9,,960.0,0,0.0,0,0,8.0,0.610208333
Quarter2,finishing,,2,0.8,3.94,,2160.0,0,0.0,0,0,18.0,0.912037037
Quarter1,finishing,,3,0.8,4.6,,,0,0.0,0,0,10.0,0.939166667
Quarter2,sweing,,2,0.7,16.1,928.0,4800.0,30,0.0,0,1,45.0,0.700106061
Quarter2,finishing,Tuesday,3,,4.6,,1440.0,0,0.0,0,0,12.0,0.894444444
,finishing,,12,0.8,4.6,,,0,0.0,0,0,9.0,0.945555556
Quarter4,finishing,,6,,2.9,,960.0,0,0.0,0,0,8.0,0.8319375
,finishing ,Tuesday,11,0.8,4.15,,1440.0,0,0.0,0,0,8.0,0.601278409
Quarter3,sweing,,8,0.8,25.9,1380.0,3630.0,50,0.0,0,0,56.5,0.800162602
,finishing,Sunday,6,0.8,2.9,,,0,0.0,0,0,8.0,0.604166667
Quarter4,sweing,Saturday,8,0.35,15.09,1448.0,,23,0.0,0,0,52.0,0.34998951
,finishing ,,3,0.75,3.94,,,0,0.0,0,0,8.0,0.945277778
Quarter1,sweing,Saturday,5,0.8,11.61,659.0,7080.0,50,0.0,0,0,31.5,0.800148649
Quarter2,sweing,Wednesday,1,,26.82,1322.0,7080.0,45,0.0,0,0,59.0,0.750050847
Quarter2,sweing,,11,,14.61,838.0,,23,0.0,0,0,55.0,0.35003125
Quarter1,finishing ,Sunday,1,0.75,3.94,,2280.0,0,0.0,0,0,19.0,0.950438596
Quarter3,sweing,Sunday,8,,30.1,507.0,5880.0,40,2.0,10,1,59.0,0.700573099
Quarter3,sweing,Saturday,3,0.6,22.52,1140.0,10170.0,30,0.0,0,0,56.5,0.600291767
Quarter3,finishing,Monday,6,0.8,2.9,,960.0,0,0.0,0,0,8.0,0.773333333
Quarter4,finishing,Wednesday,12,0.8,4.6,,1800.0,0,0.0,0,0,15.0,0.899555556
Quarter1,finishing,,1,0.8,3.94,,,0,0.0,0,0,10.0,0.929183333
Quarter1,sweing,Thursday,6,,25.9,,1920.0,50,0.0,0,0,56.0,0.800381944
,finishing,Tuesday,2,0.8,3.94,,,0,0.0,0,0,18.0,0.966759259
Quarter2,sweing,Wednesday,10,0.5,22.4,947.0,3390.0,23,0.0,0,0,56.5,0.499980334
,sweing,Tuesday,10,0.75,21.82,1499.0,6000.0,34,0.0,0,0,50.0,0.750608
Quarter1,finishing ,,7,0.8,2.9,,960.0,0,0.0,0,0,8.0,0.540729167
,sweing,Thursday,11,0.7,11.41,653.0,3480.0,30,0.0,0,2,58.0,0.700540441
Quarter2,finishing,,5,0.5,3.94,,960.0,0,0.0,0,0,8.0,0.857916667
Quarter1,sweing,Tuesday,5,,21.98,,10440.0,35,0.0,0,0,58.0,0.649983281
Quarter4,sweing,Saturday,2,0.75,22.94,,,94,0.0,0,0,57.0,0.90064806
,sweing,Saturday,10,,21.82,1251.0,6000.0,30,0.0,0,0,50.0,0.700422
Quarter2,sweing,,6,,18.79,,,0,0.0,0,0,34.0,0.750797009
Quarter2,finishing ,Sunday,5,0.5,4.15,,1440.0,0,0.0,0,0,8.0,0.609138258
Quarter2,sweing,Monday,4,,30.1,767.0,3300.0,50,0.0,0,1,57.0,0.790003236
Quarter2,sweing,,11,0.35,11.41,434.0,3240.0,0,0.0,0,1,52.0,0.507903226
,sweing,,5,0.7,20.4,1404.0,,50,0.0,0,0,58.0,0.750344828
Quarter2,finishing,,11,0.8,2.9,,960.0,0,0.0,0,0,8.0,0.755208333
,finishing ,Tuesday,1,,3.94,,1440.0,0,0.0,0,0,8.0,0.936496212
Quarter2,finishing ,Sunday,6,0.8,2.9,,,0,0.0,0,0,8.0,0.597348485
Quarter5,finishing ,Thursday,6,0.5,2.9,,,0,0.0,0,0,10.0,0.899
Quarter4,finishing ,Saturday,10,,3.94,,1800.0,0,0.0,0,0,10.0,0.937242424
Quarter3,sweing,,6,0.8,11.61,1084.0,4950.0,38,0.0,0,0,31.5,0.80003139
,sweing,,5,0.7,20.4,1382.0,10440.0,50,0.0,0,0,58.0,0.700250784
Quarter2,finishing ,Saturday,11,0.8,4.15,,1440.0,0,0.0,0,0,8.0,0.817424242
Quarter3,finishing ,,7,0.8,2.9,,1440.0,0,0.0,0,0,8.0,0.692045455
,sweing,,2,,19.87,,6000.0,34,0.0,0,0,55.0,0.753097531
Quarter4,sweing,Monday,7,0.75,30.1,709.0,6960.0,45,0.0,0,1,58.0,0.750770115
Quarter3,sweing,Sunday,5,0.8,30.1,679.0,,0,0.0,0,0,59.5,0.722568627
Quarter1,sweing,,10,0.7,21.82,1390.0,6000.0,30,0.0,0,0,50.0,0.700422
Quarter4,sweing,Tuesday,11,,11.61,698.0,,34,0.0,0,2,57.0,0.750437269
,sweing,,4,0.7,22.52,,10170.0,50,0.0,0,0,56.5,0.7005417
Quarter1,sweing,Saturday,6,0.8,25.9,,,50,0.0,0,0,56.0,0.800125
Quarter4,finishing ,,4,,4.3,,2160.0,0,0.0,0,0,12.0,0.963699495
,finishing ,Monday,12,0.8,2.9,,1440.0,0,0.0,0,0,8.0,0.793844697
Quarter4,sweing,Sunday,3,,22.52,1495.0,,55,0.0,0,0,57.5,0.800513307
Quarter1,sweing,Wednesday,11,0.8,31.83,568.0,,40,0.0,0,0,55.0,0.412119835
Quarter3,finishing,Tuesday,10,,3.94,,960.0,0,0.0,0,0,8.0,0.927541667
Quarter4,finishing ,Saturday,9,0.6,3.94,,1440.0,0,0.0,0,0,8.0,0.261174242
Quarter3,finishing ,Sunday,5,0.6,4.15,,1440.0,0,0.0,0,0,8.0,0.852793561
Quarter1,finishing,Saturday,2,,3.9,,1920.0,0,0.0,0,0,8.0,0.528125
,finishing ,Monday,1,,3.94,,2280.0,0,0.0,0,0,19.0,0.504596491
Quarter4,sweing,,3,0.7,22.52,1244.0,,63,0.0,0,0,57.0,0.750068049
Quarter4,finishing ,,8,,2.9,,,0,0.0,0,0,4.0,0.329545455
Quarter3,sweing,Wednesday,10,0.7,22.52,1206.0,,75,0.0,0,0,56.0,0.800020563
Quarter1,finishing ,,10,,3.94,,1440.0,0,0.0,0,0,8.0,0.809640152
Quarter3,sweing,Thursday,9,0.7,18.79,1603.0,,30,0.0,0,1,51.0,0.638614379
Quarter1,sweing,Monday,10,0.75,28.08,,,45,0.0,0,0,58.5,0.7504
,sweing,,5,,27.48,413.0,6840.0,38,0.0,0,1,57.0,0.449964912
,finishing,Tuesday,2,0.4,3.9,,,0,0.0,0,0,15.0,0.567377778
Quarter2,sweing,,8,0.8,25.9,1218.0,10170.0,60,0.0,0,0,56.5,0.850136766
Quarter4,finishing ,Sunday,4,0.75,4.3,,2160.0,0,0.0,0,0,12.0,0.952020202
Quarter1,sweing,,7,,24.26,1400.0,6720.0,0,0.0,0,0,56.0,0.411553571
,finishing ,,10,0.8,3.94,,3420.0,0,0.0,0,0,19.0,0.953110048
,sweing,Saturday,5,0.7,30.1,687.0,7500.0,0,0.0,0,0,59.0,0.545657673
,sweing,,9,,29.12,1143.0,10440.0,40,0.0,0,0,58.0,0.70061442
Quarter2,finishing ,Sunday,4,0.8,3.94,,,0,0.0,0,0,20.0,0.925643939
Quarter3,finishing ,Wednesday,1,,3.94,,2400.0,0,0.0,0,0,8.0,0.505128205
Quarter1,finishing,Thursday,11,0.8,2.9,,1200.0,0,0.0,0,0,10.0,0.927291667
Quarter4,finishing,,3,0.8,4.6,,2400.0,0,0.0,0,0,20.0,0.900833333
Quarter2,sweing,Wednesday,3,0.8,30.1,735.0,,63,0.0,0,1,58.0,0.800071839
,finishing,Wednesday,3,,4.6,,,0,0.0,0,0,8.0,0.786631944
Quarter1,sweing,,9,0.7,28.08,872.0,6900.0,44,0.0,0,0,57.5,0.721126957
Quarter1,finishing ,Monday,4,0.8,4.3,,,0,0.0,0,0,12.0,0.809236111
,sweing,Thursday,5,,30.1,276.0,600.0,63,3.5,15,0,59.5,0.799982853
Quarter1,sweing,Monday,3,0.75,19.87,944.0,6600.0,45,0.0,0,0,55.0,0.75024303
Quarter1,sweing,Sunday,2,0.7,30.33,254.0,1800.0,0,0.0,0,0,58.0,0.683550607
Quarter4,finishing,Monday,10,,3.94,,,0,0.0,0,0,20.0,0.955791667
,sweing,,3,,22.52,,6840.0,70,0.0,0,0,57.0,0.90014152
,finishing ,Sunday,12,0.7,4.08,,1620.0,0,0.0,0,0,9.0,0.618181818
Quarter2,sweing,,6,0.8,11.41,,5490.0,50,0.0,0,0,30.5,0.800343766
Quarter2,finishing ,,9,0.8,3.94,,1440.0,0,0.0,0,0,8.0,0.891723485
,finishing ,Saturday,8,0.65,3.94,,960.0,0,0.0,0,0,8.0,0.971866667
,sweing,,4,0.8,30.1,922.0,5820.0,63,0.0,0,1,59.0,0.80000295
Quarter4,finishing ,,6,0.35,2.9,,,0,0.0,0,0,15.0,0.977555556
Quarter4,finishing,Thursday,6,0.75,2.9,,3360.0,0,0.0,0,0,8.0,0.271875
,finishing,Saturday,12,0.8,4.6,,3780.0,0,0.0,0,0,9.0,0.590617284
Quarter3,sweing,Wednesday,4,,22.52,825.0,10080.0,94,0.0,0,0,56.0,0.900556277
Quarter4,finishing,Monday,6,0.8,2.9,,,0,0.0,0,0,8.0,0.3715625
,sweing,Monday,6,0.8,11.41,,5670.0,50,0.0,0,0,31.5,0.800181818
,sweing,,11,0.8,19.31,,,50,0.0,0,0,55.0,0.800250962
Quarter4,finishing,Wednesday,5,0.8,4.6,,,0,0.0,0,0,9.0,0.902962963
Quarter2,sweing,Saturday,7,0.7,30.1,957.0,,0,0.0,0,1,60.0,0.602
,sweing,Sunday,11,,11.41,700.0,2640.0,23,0.0,0,2,53.0,0.650223718
Quarter3,sweing,Monday,10,0.7,22.52,,10080.0,63,0.0,0,0,56.0,0.750057359
,sweing,Sunday,3,,30.1,1278.0,3360.0,50,0.0,0,1,57.0,0.800511068
Quarter3,sweing,Monday,6,0.75,18.79,895.0,3960.0,0,0.0,0,0,33.0,0.75065101
Quarter4,sweing,Monday,12,0.7,15.26,1337.0,6120.0,40,0.0,0,0,34.0,0.70043672
Quarter4,finishing ,Saturday,7,0.65,3.94,,,0,0.0,0,0,12.0,0.870580808
,sweing,,11,,11.61,,0.0,50,4.0,20,0,57.0,0.682433036
,finishing,,8,,5.13,,1920.0,0,0.0,0,0,8.0,0.672135417
Quarter3,sweing,Sunday,1,,49.1,1381.0,10350.0,24,0.0,0,0,57.5,0.403242161
,sweing,Monday,8,0.8,25.9,1047.0,,38,0.0,0,0,56.5,0.800684366
Quarter3,sweing,,9,0.65,18.79,2120.0,,0,0.0,0,1,51.0,0.650134
Quarter3,finishing,Tuesday,9,0.8,3.94,,960.0,0,0.0,0,0,8.0,0.586041667
Quarter2,sweing,,9,0.8,29.12,14.0,6960.0,0,0.0,0,0,58.0,0.497885057
Quarter4,sweing,,10,0.8,22.52,1175.0,6720.0,60,0.0,0,0,56.0,0.850532143
,sweing,Thursday,5,0.7,27.48,230.0,,40,0.0,0,0,58.0,0.700424138
Quarter3,sweing,Saturday,9,0.8,26.16,1128.0,,63,0.0,0,0,59.0,0.800117103
Quarter1,finishing,,5,0.35,3.94,,2400.0,0,0.0,0,0,10.0,0.80575
Quarter4,sweing,,4,,22.52,1342.0,6780.0,50,0.0,0,0,56.5,0.800489676
